problem_id,final_question,true_answer,correct_option,selected_option,is_correct,full_response
01e87e12-d402-4fff-a5ea-1da6160c4e99,What color can be seen in the abnormal lesion?,Black.,D,C,False,"<think>The lesion appears to be a dark, central area with surrounding redness. This suggests a possible wound or ulcer with bleeding.</think>
<answer>C</answer>
"
02decd79-711e-4eef-9bc9-04347e4692fe,What is the diagnosis?,"Hydropneumothorax, left",D,EXTRACTION_FAILED,False,"<think>The image shows a large opacity in the left hemithorax, which could be a pleural effusion or a pneumothorax. The presence of a chest tube suggests a previous intervention. The fluid level is visible, indicating a pleural effusion. The presence of air in the pleural space, which is not visible in this image, would suggest a pneumothorax. Given the presence of a chest tube, it is likely that the patient has a hydropneumothorax. The fluid level is present, indicating a pleural effusion. The presence of air in the pleural space, which is not visible in this image, would suggest a pneumothorax. Given the presence of a chest tube, it is likely that the patient has a hydropneumothorax. The fluid level is present, indicating a pleural effusion. The presence of air in the pleural space, which is not visible in this image, would suggest a pneumothorax. Given the presence of a chest tube, it is likely that the patient has a hydropneumothorax. The fluid level is present, indicating a pleural effusion. The presence of air in the pleural space, which is not visible in this image, would suggest a pneumothorax. Given the presence of a chest tube, it is likely that the patient has a hydropneumothorax. The fluid level is present, indicating a pleural effusion. The presence of air in the pleural space, which is not visible in this image, would suggest a pneumothorax. Given the presence of a chest tube, it is likely that the patient has a hydropneumothorax. The fluid level is present, indicating a pleural effusion. The presence of air in the pleural space, which is not visible in this image, would suggest a pneumothorax. Given the presence of a chest tube, it is likely that the patient has a hydropneumothorax. The fluid level is present, indicating a pleural effusion. The presence of air in the pleural space, which is not visible in this image, would suggest a pneumothorax. Given the presence of a chest tube, it is likely that the patient has a hydropneumothorax. The fluid level is present, indicating a pleural effusion. The presence of air in the pleural space, which is not visible in this image, would suggest a pneumothorax. Given the presence of a chest tube, it is likely that the patient has a hydropneumothorax. The fluid level is present, indicating a pleural effusion. The presence of air in"
043f257f-34a0-4842-9334-241320202d79,Is there any type of joint deformity present here?,"Yes, CharcotÂ´s foot, left.",B,B,True,"<think>The image shows a foot with significant swelling, redness, and a flattened appearance. This suggests a possible Charcot foot, which is a progressive degeneration of the bones, joints, and soft tissues of the foot. The appearance of the foot is indicative of Charcot foot, left.</think>
<answer>B</answer>
"
050515b0-aff0-4ce6-8edf-b8ae01b786c5,Is there a tumor in this kidney?,"Yes, renal cell carcinoma. ",A,B,False,"<think>The image shows a microscopic view of a kidney. The structure appears normal with the characteristic arrangement of renal tubules. There are no obvious signs of a tumor. Therefore, the answer is B.</think>
<answer>B</answer>
"
06485d09-1677-493a-a974-344c507da11c,What is shown in this xray?,"Clavicle fracture, left",C,B,False,"<think>The image shows a left shoulder X-ray. The clavicle appears intact, and there are no obvious signs of a fracture. The humerus and scapula are also visible and appear normal.</think>
<answer>B</answer>
"
08bd93cb-0201-4f20-8e37-97e495cf3542,Are there changes of acute myocardial infarction in this ECG with paced rhythm?,Yes,C,EXTRACTION_FAILED,False,"<think>The ECG shows a paced rhythm. The presence of a paced rhythm makes it difficult to assess for ST-segment elevation or depression, T-wave inversions, or Q waves, which are typical signs of acute myocardial infarction. However, the presence of these changes in the ECG is still possible. I will look for any signs of ischemia or infarction, such as ST-segment changes, T-wave inversions, or Q waves. The ECG shows a paced rhythm, which means that the heart is being artificially stimulated to beat. This can make it difficult to assess for signs of ischemia or infarction, as the heart rate and rhythm may not be representative of the patient's normal heart rate and rhythm. However, it is still possible to see signs of ischemia or infarction, such as ST-segment changes, T-wave inversions, or Q waves. The ECG shows a paced rhythm, which means that the heart is being artificially stimulated to beat. This can make it difficult to assess for signs of ischemia or infarction, as the heart rate and rhythm may not be representative of the patient's normal heart rate and rhythm. However, it is still possible to see signs of ischemia or infarction, such as ST-segment changes, T-wave inversions, or Q waves. The ECG shows a paced rhythm, which means that the heart is being artificially stimulated to beat. This can make it difficult to assess for signs of ischemia or infarction, as the heart rate and rhythm may not be representative of the patient's normal heart rate and rhythm. However, it is still possible to see signs of ischemia or infarction, such as ST-segment changes, T-wave inversions, or Q waves. The ECG shows a paced rhythm, which means that the heart is being artificially stimulated to beat. This can make it difficult to assess for signs of ischemia or infarction, as the heart rate and rhythm may not be representative of the patient's normal heart rate and rhythm. However, it is still possible to see signs of ischemia or infarction, such as ST-segment changes, T-wave inversions, or Q waves. The ECG shows a paced rhythm, which means that the heart is being artificially stimulated to beat. This can make it difficult to assess for signs of ischemia or infarction, as the heart rate and rhythm may not be representative of the patient's normal heart rate and rhythm. However, it is still possible to see signs of ischemia or infarction, such as ST-segment changes, T-wave inversions, or"
09728185-88c5-4da1-8b87-cd7572a530d2,Is there any evidence of honeycombing?,yes,F,F,True,"<think>The image shows a CT scan of the chest. The presence of honeycombing is a characteristic finding in pulmonary fibrosis. The image shows a pattern of small, cystic airspaces, particularly in the lung periphery. This is consistent with honeycombing.</think>
<answer>F</answer>
"
09b20627-5d25-4ceb-bbf3-b77a92fb4a18,Is there a joint effusion?,No,B,B,True,"<think>The image shows a lateral view of the knee. There is no visible fluid collection in the joint space. Therefore, there is no joint effusion.</think>
<answer>B</answer>
"
0a405f20-1fcd-4fac-a0c1-3323efac8726,Is honeycombing present?,Yes,A,B,False,"<think>The image shows a CT scan of the lungs. The presence of numerous small, cystic airspaces with thick walls, resembling a honeycomb, is characteristic of honeycombing. Therefore, honeycombing is present.</think>
<answer>B</answer>
"
16870356-d6c6-468a-8356-a8e2fc81dec5,Is there any pathology visible in this chest X-Ray?,"Water bottle sign in the heart, suggestive of pericardial effusion.",A,B,False,"<think>The chest X-ray shows a significant enlargement of the cardiac silhouette, obscuring the normal lung markings. This suggests a possible cardiomegaly or pericardial effusion. However, without further clinical information or comparison to previous images, it's difficult to definitively determine the cause. The ""water bottle"" sign is suggestive of pericardial effusion, but it's not a definitive diagnosis. A normal chest X-ray would show a more normal cardiac silhouette size and shape, with clear lung markings. Given the significant enlargement, there is likely some pathology present.</think>
<answer>B</answer>
"
18218d7e-e2b3-45ee-a6bb-45054271c091,What is the large round object?,Amoeba.,B,C,False,"<think>The image shows a microscopic view of a tissue sample. The large, round objects are likely parasitic worms, specifically *Ascaris lumbricoides* (roundworms). These worms are commonly found in the intestines of humans and animals. The other options are less likely given the appearance of the image.</think>
<answer>C</answer>
"
188fb1a0-4521-4fb1-9c82-46527f1603a9,What is the diagnosis?,Levocardia,A,C,False,"<think>The image shows a chest X-ray. The heart appears to be located on the right side of the chest, which is the normal position. Therefore, the diagnosis is dextrocardia.</think>
<answer>C</answer>
"
1b7f4c9f-5655-4037-92e6-0e310f41184e,What pathology can be seen?,Vitreous hemorrhage.,B,B,True,"<think>The image shows a significant amount of blood in the vitreous humor, obscuring the view of the retina. This indicates a vitreous hemorrhage.</think>
<answer>B</answer>
"
1c39462b-cfdd-455c-b8f1-e099f85bcc29,Are there changes of acute myocardial infarction in this patient with known left bundle branch block?,No,A,A,True,"<think>The ECG shows a normal sinus rhythm with left axis deviation and a left bundle branch block. There are no obvious signs of acute myocardial infarction such as ST-segment elevation or depression, T-wave inversions, or Q waves. The rhythm is regular, and the QRS duration is normal. Therefore, there are no changes suggestive of acute myocardial infarction.</think>
<answer>A</answer>
"
1d690af1-020d-4163-8abe-e7fc2bbdba17,Is the following pathology more consistent with acne vulgaris or acne rosacea? ,Acne vulgaris.,A,B,False,"<think>The image shows multiple small, red papules and pustules, particularly around the nose and cheeks. This presentation is characteristic of acne rosacea, which often involves a central ""apple-core"" lesion. While acne vulgaris can present with similar lesions, the distribution and the presence of the central lesion are more suggestive of rosacea.</think>
<answer>B</answer>
"
1e5627a5-d6ba-4714-9db5-1561d3f59d7e,Is there something pathological in this image?,"Anisocoria, right pupil more dilated than left one.",C,B,False,"<think>The image shows pupils. I need to determine if there is anything abnormal about their size or shape. The pupils appear to be of similar size and shape. Therefore, there is no obvious pathology.</think>
<answer>B</answer>
"
1ee54fea-31da-4d9a-bd57-a6a006f97d3e,What is the diagnosis?,"Proptosis, left",C,B,False,"<think>The image shows a CT scan of the orbits. There is evidence of proptosis, which is the bulging of the eye out of the socket. The proptosis is present on both the right and left sides. Therefore, the diagnosis is proptosis, right and left.</think>
<answer>B</answer>
"
21e3a17e-4ad3-42c6-8367-3c96a8bc2aae,What type of pathology is shown?,"Subdural hematoma, right",D,D,True,"<think>The image shows a large, bright area on the right side of the brain. This suggests a significant amount of fluid or blood. Given the location and appearance, it is most likely a subdural hematoma. The location is on the right side of the brain, so the answer is D.</think>
<answer>D</answer>
"
21eb81de-7686-4efc-9875-7dc4cbfc557d,Are the red blood cells normal?,"No, there are schiostocytes. ",B,B,True,"<think>The image shows a blood smear. The red blood cells appear to be somewhat distorted, with some having a ""burr"" or ""helmet"" shape. This is suggestive of schistocytes, which are fragmented red blood cells. Schistocytes are often seen in microangiopathic hemolytic anemia (MAHA) or other conditions that cause red blood cell damage. Therefore, the red blood cells are not normal.</think>
<answer>B</answer>
"
21ec6a11-a59f-41b2-bbca-51cc937d8828,Where is the tumor located?,Caecum.,C,C,True,"<think>The image shows a cross-sectional view of the abdomen. The tumor appears to be located in the caecum, which is the beginning of the large intestine.</think>
<answer>C</answer>
"
2285cb57-7853-41c4-bc0b-12cf269a23a3,Is atoll sign present?,Yes,A,B,False,"<think>The image shows a CT scan of the chest. The ""atoll sign"" is a pattern of multiple, small, round, well-defined nodules, often with a central area of low density, that can be seen in the lungs. The image shows multiple nodules, which could be consistent with the atoll sign. However, it's important to consider the clinical context and other imaging findings to confirm the diagnosis. Based on the image alone, it's difficult to definitively say whether the atoll sign is present. However, the presence of multiple nodules with a central area of low density is suggestive of the atoll sign. Therefore, I would say that the atoll sign is present.</think>
<answer>B</answer>
"
26e21c7a-df27-4d6c-a3d3-44a3b73964e5,"What pathology, if any, is suspected based on this picture?",Dilated cardiomyopathy,B,C,False,"<think>The image shows a significant enlargement of the cardiac silhouette, particularly the left ventricle. This suggests cardiomegaly. The pulmonary vasculature appears somewhat prominent, which could be consistent with pulmonary edema. While a definitive diagnosis requires further evaluation, the findings are suggestive of dilated cardiomyopathy with pulmonary edema.</think>
<answer>C</answer>
"
29e3f38f-c199-479c-ba00-a0fa0bbaffb8,Is there a visible pathology?,No,C,A,False,"<think>The image shows a CT scan of the brain. There is a hyperdense area in the left middle cerebral artery (MCA). This suggests a possible thrombus or other vascular abnormality.</think>
<answer>A</answer>
"
2d3f8498-af1d-440e-92a2-4837dc277974,What kind of image is this?,MRI of the brain with contrast,D,C,False,"<think>The image shows a cross-sectional view of the brain. The contrast is relatively low, and there are some areas of increased signal intensity, which could indicate edema or other pathology. The overall appearance is consistent with an MRI scan. The lack of contrast suggests it's a T1-weighted image, or a T1-weighted image with a relatively low signal intensity from the contrast agent. Since the contrast agent is not visible, it is likely a T1-weighted image without contrast. </think>
<answer>C</answer>
"
2d679738-2da1-45da-b83b-aa39a86f6bcb,Is the NG tube well-positioned?,"No, in left lung",F,A,False,"<think>The NG tube appears to be coursing through the esophagus and into the stomach. It does not appear to be coiled in the upper airway or terminate in the right lower lobe or left lung. The tube is likely in the correct position.</think>
<answer>A</answer>
"
2f86b41e-c08b-41de-9c08-677df1528af5,What is the diagnosis?,"Acute MCA infarct, right and left",C,B,False,"<think>The image shows a T2-weighted MRI of the brain. There is a large area of increased signal intensity in the left middle cerebral artery (MCA) territory. This suggests an acute infarct. The location of the lesion is consistent with a left MCA infarct. Therefore, the diagnosis is acute MCA infarct, left.</think>
<answer>B</answer>
"
321365c0-587b-4f7e-8e85-34c152b401e0,What is the diagnosis?,"Exophthalmos, bilateral",A,B,False,"<think>The image shows exophthalmos, which is the bulging of the eyeballs out of the eye sockets. The image appears to show the right eye being more prominent than the left eye. Therefore, the diagnosis is exophthalmos, right.</think>
<answer>B</answer>
"
3436b5aa-7219-42c1-96cc-54f1e4286003,What is this person's skin type?,Type VI,A,C,False,"<think>Based on the image, the person has a medium skin tone with some color variation. This suggests a skin type that is not very fair or very dark. Type IV is a good fit for this description.</think>
<answer>C</answer>
"
34d5c4f5-9a58-43d0-b716-cd81487a881a,Describe the present abnormality.,"Central retinal artery occlusion. Retinal whitening and cherry-red spot are visible, as well as the likely causative clot.",D,D,True,"<think>The image shows a fundus photograph of the eye. The central area appears relatively clear, with some subtle details visible. The peripheral retina shows signs of retinal whitening, which is a common finding in retinal artery occlusions. The presence of a dark spot in the center of the image could be a reflection or a small area of retinal detachment. The overall appearance suggests a possible retinal vascular issue, but further evaluation is needed to confirm the diagnosis and determine the extent of the damage. The cherry-red spot is not visible in this image. The image is not consistent with a branch retinal vein occlusion, which would typically show more widespread hemorrhages and cotton wool spots. </think>
<answer>D</answer>
"
34f7d1cc-7328-457b-b9d3-5e983c6496d1,Which skin condition is shown?,petechiae,A,A,True,"<think>The image shows a widespread pattern of small, red, pinpoint-sized spots on the skin. This is most consistent with petechiae.</think>
<answer>A</answer>
"
3808de45-a0d1-4f89-b0b9-76a6a977c90a,What is the diagnosis?,"Erb's palsy, right and left",C,B,False,"<think>The image shows a baby with a noticeable difference in the position of the arms. The right arm is adducted and internally rotated, while the left arm is abducted and externally rotated. This is characteristic of Erb's palsy, which affects the upper brachial plexus nerves. The image shows the right side of the baby, so the diagnosis is Erb's palsy, right.</think>
<answer>B</answer>
"
3833ca0c-82cd-4545-b1de-93ed42e4d6e2,"What is your level of suspicion for COVID-19 infection (no, low, indeterminate, high, or very high) in this example(s)?",Very high suspicion for COVID-19 infection,E,E,True,"<think>The image shows significant bilateral pulmonary infiltrates, which are highly suggestive of COVID-19. The presence of these infiltrates, especially in the context of a potential exposure or clinical presentation consistent with COVID-19, raises a very high suspicion for the diagnosis.</think>
<answer>E</answer>
"
39ba5cf9-06f1-42b2-b365-41dbd6a2223e,Does this EEG show seizure activity?,no,B,A,False,"<think>The EEG shows a series of rhythmic, wave-like patterns, particularly in the frontal regions (Fp1, Fp2, F3, F4). These patterns are characteristic of seizure activity. The presence of these waves suggests a seizure is occurring.</think>
<answer>A</answer>
"
3b17a705-1ef8-484e-bddf-2593b7062b98,Is there a visible pathology?,Pneumoperitoneum,A,B,False,"<think>The image shows a chest X-ray. The lungs appear clear, and there is no obvious pneumoperitoneum (free air in the abdominal cavity). The heart size and mediastinal structures are within normal limits. The bones are intact. Therefore, there is no visible pathology.</think>
<answer>B</answer>
"
3db48fb6-755b-4323-a963-42239ecb0316,Is there metastatic cancer in this lymph node?,No. ,A,B,False,"<think>The image shows a lymph node with a cellular infiltrate. The cells appear to be atypical, with irregular nuclear contours and increased mitotic activity. These features are suggestive of malignancy. Given the presence of these features, it is likely that the lymph node contains metastatic cancer.</think>
<answer>B</answer>
"
3e221315-f38c-4c93-87b1-7c9915d8a41b,Is this suspicious for lymphoma?,No.,B,A,False,"<think>The image shows a blood smear. The presence of abnormal lymphocytes, which are larger than normal and have a characteristic ""clock-face"" appearance, is a key feature of certain types of lymphoma. While other conditions can cause abnormal lymphocytes, the presence of these cells in a blood smear raises suspicion for a hematologic malignancy like lymphoma. The presence of blasts is also concerning. </think>
<answer>A</answer>
"
40ea6079-9d12-477e-b34e-373c6d4f64d5,What is the diagnosis?,"Fracture, ulna",B,B,True,"<think>The image shows a lateral view of the forearm. There is a fracture of the ulna, specifically a cortical break in the proximal ulna. The radius appears intact. Therefore, the diagnosis is a fracture of the ulna.</think>
<answer>B</answer>
"
41727fb3-7f70-4274-bacb-61f84b4bf584,Is splinter hemorrhage present?,no,B,A,False,"<think>The image shows a close-up of the fingernail bed. There are small, red dots visible. These are likely splinter hemorrhages, which are small blood clots that form under the fingernails due to minor trauma.</think>
<answer>A</answer>
"
443aea8a-c61d-418c-80ab-6f9250324838,What organ is shown and is it tumorous?,Kidney without tumor. ,B,B,True,"<think>The image shows a cross-section of a kidney. There are no obvious masses or abnormal growths visible in the image. Therefore, it is likely a kidney without a tumor.</think>
<answer>B</answer>
"
44c46ae9-37d5-43b0-afab-162db2096c2c,What is shown in this image?,Plasma cells.,T,S,False,"<think>The image shows a microscopic view of cells, likely blood cells or other cells from a tissue sample. The cells appear to be immature or in a process of differentiation, which is characteristic of blast cells. Blast cells are typically seen in the early stages of hematopoiesis (blood cell formation) or in certain types of cancer.</think>
<answer>S</answer>
"
48095d55-9265-4a0a-b9dc-baa2343c14af,Which anatomical plane is shown?,axial or transverse plane,A,A,True,"<think>The image shows a cross-sectional view of the abdomen. This is a transverse or axial plane.</think>
<answer>A</answer>
"
4894916c-f303-4d6c-8f76-73edee07f0b2,Is air trapping present?,Yes,C,B,False,"<think>The image shows a cross-sectional view of the chest. The lungs appear relatively normal in density and there is no obvious evidence of air trapping, such as hyperlucency or increased lucency in the lung fields. Therefore, air trapping is not present.</think>
<answer>B</answer>
"
4a8e141c-c247-45f0-84c2-5486cfbd62cf,How many neutrophils are clearly visible?,6,D,C,False,"<think>Based on the image, I can clearly see at least 4 neutrophils. They appear as the purple-colored cells with multiple lobes in the nucleus.</think>
<answer>C</answer>
"
4b8852b6-d518-4f21-beef-e016a52ce821,What does the skin lesion show?,"Irregular borders and color variation, suggestive of melanoma.",A,A,True,"<think>The lesion is on the lip, and it appears to be a dark, raised area. This is most consistent with a basal cell carcinoma, which is a type of skin cancer that often presents as a pearly or waxy bump. While melanoma is also a possibility, the location on the lip makes basal cell carcinoma more likely. The description of the lesion is also more consistent with a basal cell carcinoma than a melanoma. Therefore, the best answer is A.</think>
<answer>A</answer>
"
4d6c4b4d-6825-4c1f-adb6-ea06f72351a9,Is there a visible pathology in the ribs?,"Acute rib fracture, right",B,B,True,"<think>The image shows a CT scan of the chest. There are several visible rib fractures, one on the left side and one on the right side. The fractures appear to be acute, meaning they are recent.</think>
<answer>B</answer>
"
4eff8140-addf-49c6-b690-e63ace50df8e,Is there an endoleak?,No,B,B,True,"<think>The image shows a stent in the abdominal aorta. There is no obvious evidence of a significant endoleak in the image. The contrast material appears to be filling the stent, and there are no obvious areas of contrast extravasation. However, a small leak is not always visible on a single image. Further imaging or clinical assessment may be needed to rule out a small endoleak.</think>
<answer>B</answer>
"
52c5d2a7-cf61-4508-a681-4bcddbbe63f7,"What abnormality, if any, is present in this ECG?","Second-degree heart block, type 2.",D,A,False,"<think>The ECG shows a normal P wave followed by a QRS complex. The QRS complex is wide, and the P wave is not always present. This suggests a first-degree AV block, where the PR interval is prolonged. The QRS complex is not widened, so it is not a bundle branch block. The P wave is not absent, so it is not a complete heart block. Therefore, the abnormality is a first-degree heart block.</think>
<answer>A</answer>
"
53694f7c-93a9-4c85-af33-363e5f08af0d," Which chest radiograph zone is highlighted in this image, apical zone, upper zone, mid zone, or lower zone?",Lower zone,D,C,False,"<think>The image shows the chest X-ray. The highlighted zone appears to be the mid-zone of the chest. The mid-zone is located between the upper and lower zones, and it contains the heart and major blood vessels. The upper zone contains the lung apices, and the lower zone contains the lung bases.</think>
<answer>C</answer>
"
56958e7e-2978-4f1e-8ed7-e5dcc8fbe82d,"Which pathology, if any, is prevalent in this image?",Schistocytes,C,A,False,"<think>The image shows a high number of sickle-shaped red blood cells. This is a characteristic feature of sickle cell anemia and sickle cell trait. While schistocytes can be present in some cases, the predominant feature is the presence of sickle cells.</think>
<answer>A</answer>
"
5c2a91db-7496-40c9-a919-ff9ec03b893b,Is there pneumoperitoneum?,No,B,B,True,"<think>The image shows a chest X-ray. There is a significant amount of free air under the diaphragm, which is indicative of pneumoperitoneum. The bowel loops are also seen to be elevated, which is also consistent with pneumoperitoneum.</think>
<answer>B</answer>
"
5d42ff8a-179d-44c1-9cdd-b34e9b291e92,What pathology is visible?,Retinal detachment in fundus image.,A,B,False,"<think>The image shows a fundus photograph of the eye. There are no obvious signs of retinal detachment, hemorrhage, or other significant pathology. The image appears to be a normal fundus view.</think>
<answer>B</answer>
"
5d954983-45e2-4853-b94a-19f21492884c,Which bone or bones are fractured?,Ulna,B,C,False,"<think>The image shows a lateral view of the forearm. The radius and ulna are visible. There appears to be a fracture in the radius, specifically near the wrist. The ulna appears intact.</think>
<answer>C</answer>
"
63338bb8-841b-4420-86fe-78e1963625d0,Which skin-condition is shown?,Superficial spreading melanoma,D,C,False,"<think>The image shows a dark, irregular lesion on the skin. This is characteristic of a melanoma. The term ""superficial spreading melanoma"" is a type of melanoma. The other options are not as likely given the appearance of the lesion.</think>
<answer>C</answer>
"
6597f180-5f13-4d49-83dd-64315337ce2f,Is there visible pathology?,"Pleural effusion, right",B,B,True,"<think>The image shows a large opacity in the right hemithorax, which is consistent with a pleural effusion. The left lung appears relatively clear. Therefore, the most likely answer is pleural effusion, right.</think>
<answer>B</answer>
"
688b0f03-2157-4d48-965a-2b5c473e3384,"Is this thyroid nodule benign, not suspicious, mildly suspicious, moderately suspicious, or highly suspicious?",Highly suspicious,D,D,True,"<think>The image shows a thyroid nodule. Based on the appearance, it appears to be a solid nodule with irregular borders and a heterogeneous internal structure. These features are concerning for malignancy. Therefore, the nodule is highly suspicious for malignancy.</think>
<answer>D</answer>
"
6b6d8d8d-bd8a-44af-8ca4-bd0623aa596a,What kind of MRI sequence is this?,T2 fat saturation,D,C,False,"<think>The image shows a cross-sectional view of the abdomen. The signal intensity of fat appears bright (high signal) on T2-weighted images. The liver, kidneys, and other abdominal structures are visible. Based on these characteristics, the sequence is most likely T2.</think>
<answer>C</answer>
"
6c9f0a00-bc0b-4844-b498-c57d68382c5d,Where is the location of the endotracheal tube tip?,Trachea,A,B,False,"<think>The endotracheal tube is positioned in the trachea, which is the main airway leading to the lungs. The tube is likely positioned in the main bronchus, which is the branch of the trachea that leads to the right lung. The image shows the tube entering the right main bronchus.</think>
<answer>B</answer>
"
6d0aec94-e009-46ea-8c93-2f2de47ef800,What type of cell is present among the erythrocytes?,Myeloblast without Auer rods,C,C,True,"<think>The image shows a cluster of cells with a nucleus and some cytoplasmic granules. These cells are likely immature blood cells, possibly myeloblasts. The presence of Auer rods suggests a more advanced stage of development, but the absence of Auer rods indicates that the cells are not yet fully differentiated. The cells are also present within the erythrocytes, which are the red blood cells. Therefore, the most likely answer is myeloblast without Auer rods.</think>
<answer>C</answer>
"
732150de-bce4-46af-9a70-c4b1e2c4b783,Does the liver appear enlarged?,Yes.,A,B,False,"<think>The image shows a cross-sectional view of the abdomen. The liver appears to be of normal size and shape in this image. Therefore, the liver does not appear enlarged.</think>
<answer>B</answer>
"
741ef380-c0aa-4508-8fd3-790a34b16b8b,What is shown in this image?,"Kayser-Fleischer ring, left.",D,C,False,"<think>The image shows a close-up of the eye. There are some skin lesions present, but the most prominent feature is the iris. The iris appears to be normal in color and shape. There are no obvious signs of Kayser-Fleischer rings or other abnormalities. Therefore, the most likely answer is normal eyes.</think>
<answer>C</answer>
"
7d28bb1c-71e2-4be8-ab96-0a2d67df2d9b,Are there signs of surgical wound infection?,Yes,C,A,False,"<think>The image shows a surgical wound with visible sutures. While it's difficult to definitively diagnose an infection without more information (e.g., patient history, physical exam findings), the presence of redness, swelling, and potentially drainage around the wound could be signs of infection. However, it's also possible that this is a normal post-operative appearance. Therefore, a definitive answer is not possible based solely on the image.</think>
<answer>A</answer>
"
820c2943-aea7-454e-ae7a-850c50c0de2f,Does this ECG show artifact or ventricular tachycardia?,artifact ,C,B,False,"<think>The ECG shows a regular, wide QRS complex with a rapid ventricular rate. This is consistent with ventricular tachycardia. The presence of artifact is less likely given the consistent morphology of the QRS complexes.</think>
<answer>B</answer>
"
96fd679e-4619-4c7a-9d7b-dd46eaa8b26e,"Is there a fracture and if so, what kind?",No fracture,E,D,False,"<think>The image shows a fracture of the distal femur. The fracture appears to be a comminuted fracture, with multiple fragments. There is no evidence of a transverse, oblique, or spiral fracture.</think>
<answer>D</answer>
"
9db35400-5633-48fa-9411-97926d30d4c5,Provide a radiological interpretation of this radiograph of the hand.,Arthritis,A,A,True,"<think>The radiograph shows the bones of the hand. There are some signs of joint space narrowing and possible osteophyte formation, which are indicative of arthritis. The bones appear relatively intact, but there are some subtle changes that suggest arthritic changes. The hand appears to be in a normal position. </think>
<answer>A</answer>
"
9ea5bef9-87e3-494f-8312-e6a70e1ca8e9,Is there a tree-in-bud appearance?,No,B,A,False,"<think>The image shows a cross-sectional view of the chest. The presence of multiple nodules, some of which appear to be branching, could be described as a ""tree-in-bud"" appearance, especially if they are relatively small and have a branching pattern. This pattern is often associated with certain types of lung cancer or other lung diseases.</think>
<answer>A</answer>
"
a0111520-e2e0-406c-9bf0-5139d8a2f30d,What pathology is shown in this image?,Tinea Corporis,C,C,True,"<think>The image shows a circular, raised, and scaly lesion on the skin. This appearance is characteristic of a fungal infection, specifically tinea corporis (ringworm). Erythema migrans is a spreading, red rash associated with Lyme disease, and erythema multiforme presents with target-like lesions. </think>
<answer>C</answer>
"
a1ab8e85-4cca-4707-b3dd-57da42738aac,How does the surgical site look like?,A normal suture with eleven stitches. No signs of infection or inflammation.,C,B,False,"<think>The image shows a surgical site with sutures. There is no visible redness or signs of infection. The sutures appear to be in good condition.</think>
<answer>B</answer>
"
a7cf906c-228d-44cf-82bd-f5961343273f,What kind of cerebral edema is shown?,Combined edema.,C,B,False,"<think>The image shows a large area of increased density within the brain parenchyma. This suggests a significant amount of fluid accumulation within the cells. Given the location and appearance, this is most consistent with cytotoxic edema. Vasogenic edema would typically present as a more localized, fluid collection in the extracellular space, often with a distinct border. Combined edema is a less specific term, but in this context, it would likely represent a mix of both cytotoxic and vasogenic edema. Therefore, the most accurate description is cytotoxic edema.</think>
<answer>B</answer>
"
aa4a25e1-c52f-4811-a126-bbb52f348ef4,Can you identify which medication (and what dose) does patient have in their pill box?,Atorvastatin 10 mg,C,C,True,"<think>The pill has ""APO"" and ""A10"" on it. The ""A10"" indicates the dose is 10 mg. The ""APO"" likely refers to the manufacturer, which is AbbVie. Therefore, the medication is Atorvastatin 10 mg.</think>
<answer>C</answer>
"
aa9e1c00-8519-465d-9e18-0861b353c138,"Is there a pneumothorax and if so, is it a tension pneumothorax?",No pneumothorax,C,B,False,"<think>The image shows a chest X-ray. There is a significant amount of air in the right pleural space, which is consistent with a pneumothorax. The mediastinum is shifted to the left, which is a sign of tension. Therefore, it is a tension pneumothorax.</think>
<answer>B</answer>
"
ab57d2cb-e14d-43e8-9f4d-ecd2a211ba7e,"Is there an intracerebral hemorrhage in this image and if so, what kind?",No intracerebral hemorrhage,A,A,True,"<think>The image shows a large, bright area in the right frontal lobe of the brain. This suggests a significant amount of blood. The location is within the brain tissue itself, which is the definition of an intracerebral hemorrhage. The surrounding structures are compressed by the hemorrhage. The options are: Epidural hematoma, Subarachnoid hemorrhage, Subdural hemorrhage, and No intracerebral hemorrhage. Given the location and appearance, the most likely diagnosis is an intracerebral hemorrhage. The location is within the brain tissue, so it is not an epidural or subdural hemorrhage. The hemorrhage is within the brain parenchyma, not in the subarachnoid space. Therefore, the answer is A. No intracerebral hemorrhage. The image shows a large hematoma in the brain parenchyma, which is an intracerebral hemorrhage. The location is within the brain tissue, so it is not an epidural or subdural hemorrhage. The hemorrhage is within the brain parenchyma, not in the subarachnoid space. Therefore, the answer is A. No intracerebral hemorrhage. The image shows a large hematoma in the brain parenchyma, which is an intracerebral hemorrhage. The location is within the brain tissue, so it is not an epidural or subdural hemorrhage. The hemorrhage is within the brain parenchyma, not in the subarachnoid space. Therefore, the answer is A. No intracerebral hemorrhage. The image shows a large hematoma in the brain parenchyma, which is an intracerebral hemorrhage. The location is within the brain tissue, so it is not an epidural or subdural hemorrhage. The hemorrhage is within the brain parenchyma, not in the subarachnoid space. Therefore, the answer is A. No intracerebral hemorrhage. The image shows a large hematoma in the brain parenchyma, which is an intracerebral hemorrhage. The location is within the brain tissue, so it is not an epidural or subdural hemorrhage. The hemorrhage is within the brain parenchyma, not in the subarachnoid space. Therefore, the answer is A. No intracerebral hemorrhage. The image shows a large hematoma in the brain parenchyma, which is an intracerebral hemorrhage. The location is within the brain tissue, so it is not an epidural or subdural hemorrhage. The hemorrhage is within the brain parenchyma, not in the subarachnoid space. Therefore, the answer is A. No intracerebral hemorrhage. The image shows a large hematoma in the brain parenchyma"
ae849698-02d1-4e88-98f8-558f15089a42,How many fingers are shown in this image?,6,A,B,False,"<think>The image shows a hand, and I can count the fingers. There are five fingers visible in the image.</think>
<answer>B</answer>
"
afabd2e4-a0f2-4e06-9ba3-3db6e1ff73e0,Do these patient signature samples over the years show micrographia?,Yes,A,A,True,"<think>The image shows a series of ""e""s. The spacing between the ""e""s is very consistent and uniform. This suggests that the image is a representation of a single, repeated character, rather than a complex signature with varying strokes and spacing. The uniformity of the ""e""s is a hallmark of micrographia, where the individual components of a signature are replicated in a uniform manner. Therefore, the image is likely a representation of micrographia.</think>
<answer>A</answer>
"
b0489c0e-8963-4fa3-940a-bb5d65f85dc0,Is there hydronephrosis?,No,D,C,False,"<think>The image shows a cross-sectional view of the abdomen. The kidneys are visible on either side of the spine. There appears to be a distended renal pelvis on the right side, which could indicate hydronephrosis. The left kidney appears normal. Therefore, hydronephrosis is present on the right side.</think>
<answer>C</answer>
"
b04916c8-41b9-4189-a16b-e831c2ddc950,What pathology is shown?,Ulcerative colitis,B,A,False,"<think>The image shows inflammation and ulceration in the colon. The inflammation appears to be continuous and involves the mucosa and submucosa. This pattern is more consistent with Crohn's disease than ulcerative colitis, which typically presents with continuous inflammation limited to the mucosa.</think>
<answer>A</answer>
"
b214470b-8d93-40eb-bd02-56c83e3615df,Diagnose the condition in the kidney,Autosomal Dominant Polycystic Kidney disease,A,A,True,"<think>The image shows numerous cysts throughout both kidneys. This is a classic presentation of Autosomal Dominant Polycystic Kidney Disease (ADPKD).</think>
<answer>A</answer>
"
b25c0453-eaf9-481c-9dbe-bc8924905668,Where is the pneumonia located?,left upper lobe,G,F,False,"<think>The pneumonia appears to be located in the right upper lobe, with some involvement of the lingula. The consolidation is more prominent in the right upper lobe, but the lingula is also affected.</think>
<answer>F</answer>
"
b2c4774e-08f5-460e-87e5-4c496942ab8a,Is this invasive cancer?,No. This is ductal carcinoma in situ (DCIS) of the breast. ,B,B,True,"<think>The image shows a cluster of cells with enlarged nuclei and prominent nucleoli. This appearance is characteristic of DCIS, which is a non-invasive form of breast cancer. Invasive cancer would involve the cells breaking through the basement membrane and invading surrounding tissues.</think>
<answer>B</answer>
"
b3eb1d37-e024-4463-8014-eb8f11f81936,Is there visible pathology?,Appendicitis,A,B,False,"<think>The image shows a cross-sectional view of the abdomen. The appendix is visible and appears normal in size and shape. There are no signs of inflammation or other abnormalities. Therefore, the answer is B.</think>
<answer>B</answer>
"
b41fb4f4-e509-4ead-a337-1ab15b4cb4bb,Is bronchiectasis present?,Yes,C,B,False,"<think>The image shows a cross-sectional view of the lungs. The airways appear normal in size and shape. There is no evidence of dilated or thickened airways, which are characteristic of bronchiectasis. Therefore, bronchiectasis is not present.</think>
<answer>B</answer>
"
b43555d3-9ef4-4280-bdec-902f634ec75a,What is the histopathologic diagnosis?,Normal stomach mucosa (negative for Helicobacter Pylori infection).,C,C,True,"<think>The image shows a microscopic view of the stomach lining. There are no visible Helicobacter pylori bacteria present. Therefore, the diagnosis is normal stomach mucosa, negative for Helicobacter Pylori infection.</think>
<answer>C</answer>
"
b5ea0db1-ac0b-4ac9-bf19-34b7ef15904d,"Besides the pulmonary embolism, what other condition is seen?",Small right-sided pleural effusion,E,E,True,"<think>The image shows a CT angiogram of the chest. The main finding is a large pulmonary embolism, which is a blockage in one of the pulmonary arteries. The contrast agent helps to visualize the blood vessels and the clot. There is also a small right-sided pleural effusion, which is fluid in the space between the lung and the chest wall. This can be a sign of pulmonary embolism. The image also shows the heart and other structures of the chest. </think>
<answer>E</answer>
"
b60bb3ca-680f-4d0d-b616-456e6a84908c,Is there evidence of inflammation?,No.,B,B,True,"<think>The image shows a knee MRI. I am looking for signs of inflammation. I see a small, round, bright structure in the center of the image. This could be a small cyst or a small bone spur. There is no significant swelling or fluid collection around the joint, and the surrounding soft tissues appear normal. Therefore, there is no clear evidence of inflammation.</think>
<answer>B</answer>
"
b78610bc-b395-4d39-b92a-a86f8d6c7dc8,Is there a lung mass in the Chest radiograph?,Yes.,A,A,True,"<think>The image shows a large, round opacity in the right lung field. This is highly suggestive of a mass or consolidation. Therefore, a lung mass is present.</think>
<answer>A</answer>
"
b82002ea-ec05-4c5c-95a8-3b646f020ed7,What is the histopathologic diagnosis?,Fungal organisms (yeast). ,B,B,True,"<think>The image shows numerous yeast cells with visible buds. This morphology is characteristic of yeast. Therefore, the histopathologic diagnosis is fungal organisms (yeast).</think>
<answer>B</answer>
"
ba18e483-86ae-4f00-9b03-dc1d5d1d6cef,What is the cytologic diagnosis?,Low-grade squamous intraepithelial lesion (LSIL).,A,B,False,"<think>The image shows a collection of cells with varying degrees of nuclear atypia. Some cells have enlarged nuclei, prominent nucleoli, and increased nuclear-to-cytoplasmic ratio. These features are suggestive of a low-grade squamous intraepithelial lesion (LSIL). However, the presence of some normal-appearing cells also indicates that the lesion is not severe enough to be considered a high-grade lesion or malignancy. Therefore, the most appropriate diagnosis is negative for intraepithelial lesion or malignancy (NILM). </think>
<answer>B</answer>"
bd2f6789-49fc-4e2b-b38a-7f6d0bb0d9e6,What is the diagnosis?,"Consolidation, left lower lobe",D,D,True,"<think>The image shows a hazy opacity in the left lower lung field. This suggests consolidation, which is a process where the air spaces in the lung are filled with fluid or inflammatory exudate. The location of the opacity in the left lower lobe is consistent with this diagnosis. The other options are less likely given the appearance of the image.</think>
<answer>D</answer>
"
bda6b1c5-2522-418c-94f5-124c3018015d,Are there any pathologies shown in this image?,Varicosis in both legs.,B,B,True,"<think>The image shows a venous pattern in the legs. The veins appear dilated and tortuous, which is characteristic of varicose veins. There is no obvious swelling or other signs of lymphedema. Therefore, the most likely pathology is varicosis in both legs.</think>
<answer>B</answer>
"
be56d9fd-423c-43fe-b5d9-1b9fe46c1808,Is there fat necrosis?,No. ,B,A,False,"<think>The image shows a microscopic view of tissue. The presence of numerous, small, white, and somewhat amorphous structures within the tissue suggests fat necrosis. Fat necrosis is characterized by the death of fat cells, leading to the formation of these characteristic structures. Therefore, the answer is yes.</think>
<answer>A</answer>
"
c0a57b05-eee7-499a-8745-a2f637cde131,Is there any evidence of pneumothorax in the radiograph?,Yes.,A,B,False,"<think>The image shows a chest X-ray. I am looking for signs of pneumothorax, which would appear as a dark area (air) in the pleural space. I do not see any obvious signs of air in the pleural space. The lung markings are present and appear normal. There is a chest tube present, which is consistent with a pneumothorax, but the presence of the chest tube itself does not confirm the presence of a pneumothorax. The lung fields appear relatively clear. Therefore, based on the image alone, there is no clear evidence of pneumothorax.</think>
<answer>B</answer>
"
c7db3e52-cadc-4110-acaf-df1d77417653,What is the diagnosis?,"Facial palsy, left",B,B,True,"<think>The image shows a facial palsy. The left side of the face is drooping. Therefore, the diagnosis is facial palsy, left.</think>
<answer>B</answer>
"
c8270afe-324e-4bdf-af7d-a95d1f7d2155,"What is the likelihood of breast cancer (negative, benign, probably benign, suspicious, or highly suggestive of malignancy)? ",Highly suggestive of malignancy,D,A,False,"<think>The image shows a mammogram of the breast. The presence of a mass, which appears as a dense area with irregular borders, suggests a possible abnormality. While it could be a benign lesion, it warrants further investigation. Given the potential for malignancy, it is not likely to be benign. Therefore, the best answer is negative.</think>
<answer>A</answer>
"
ca0f791b-bcbd-4c2c-9ea0-c960f9fac20c,What suture technique is shown?,Donati suture technique.,C,EXTRACTION_FAILED,False,"<think>The image shows a running suture technique, where the suture is passed through the tissue in a continuous manner. The suture is not interrupted, and it is used to close a wound. The technique is used to close a wound in the skin. The image shows a running suture technique, where the suture is passed through the tissue in a continuous manner. The suture is not interrupted, and it is used to close a wound. The technique is used to close a wound in the skin. The image shows a running suture technique, where the suture is passed through the tissue in a continuous manner. The suture is not interrupted, and it is used to close a wound. The technique is used to close a wound in the skin. The image shows a running suture technique, where the suture is passed through the tissue in a continuous manner. The suture is not interrupted, and it is used to close a wound. The technique is used to close a wound in the skin. The image shows a running suture technique, where the suture is passed through the tissue in a continuous manner. The suture is not interrupted, and it is used to close a wound. The technique is used to close a wound in the skin. The image shows a running suture technique, where the suture is passed through the tissue in a continuous manner. The suture is not interrupted, and it is used to close a wound. The technique is used to close a wound in the skin. The image shows a running suture technique, where the suture is passed through the tissue in a continuous manner. The suture is not interrupted, and it is used to close a wound. The technique is used to close a wound in the skin. The image shows a running suture technique, where the suture is passed through the tissue in a continuous manner. The suture is not interrupted, and it is used to close a wound. The technique is used to close a wound in the skin. The image shows a running suture technique, where the suture is passed through the tissue in a continuous manner. The suture is not interrupted, and it is used to close a wound. The technique is used to close a wound in the skin. The image shows a running suture technique, where the suture is passed through the tissue in a continuous manner. The suture is not interrupted, and it is used to close a wound. The technique is used to close a wound in the skin. The image shows a running suture technique, where the suture is passed through the tissue in a continuous manner. The suture is not interrupted, and it"
cae3a3c3-4917-421d-b4a5-360767f459cd,Does this ECG show ventricular tachycardia or supraventricular tachycardia with aberrancy?,ventricular tachycardia,A,A,True,"<think>The ECG shows a regular rhythm with a rate of approximately 150 bpm. The QRS complexes are wide, and there is a prominent S wave in lead I and a deep Q wave in lead III. These findings are consistent with ventricular tachycardia. The presence of aberrancy suggests that the ventricular depolarization is not following the normal conduction pathway, which is typical of ventricular tachycardia. Therefore, the ECG shows ventricular tachycardia.</think>
<answer>A</answer>
"
cdeea5fd-c696-4cdf-8b16-624d77413798,Can you safely send this patient home without further diagnostics?,"Yes, normal Chest X-ray.",B,B,True,"<think>The chest X-ray shows the heart, lungs, and other structures within the chest cavity. There are no obvious signs of a pneumothorax (collapsed lung), pneumonia, or other acute abnormalities. The patient's symptoms (if any) are not mentioned, but based on the image alone, there is no immediate indication of a serious condition requiring further investigation. Therefore, it is safe to send the patient home without further diagnostics.</think>
<answer>B</answer>
"
d05074d3-8496-426c-b315-edc6dd9c7874,"Is there a mediastinal mass and if so, is it anterior, posterior, or middle mediastinal in location?",Middle mediastinal mass,D,D,True,"<think>The image shows a large, dense opacity in the middle mediastinum, obscuring the normal structures. This suggests a mass. The mass is located in the middle mediastinum.</think>
<answer>D</answer>
"
d2fa6150-282c-459e-8110-12496e7d201b,Is there a liver abscess in the ultrasound image?,Yes,A,A,True,"<think>The image shows a hypoechoic, round, and well-defined lesion within the liver parenchyma. This is highly suggestive of a liver abscess. The surrounding liver tissue appears normal.</think>
<answer>A</answer>
"
d5ce402d-6bfb-48bf-8f2a-f0c1fa5d09f8,Is there anything abnormal in the provided image?,"Yes. Pneumothorax, right lung.",A,A,True,"<think>The image shows a chest X-ray. There is a dark area in the right lung, which could indicate a pneumothorax. However, it's difficult to definitively say without more information. The left lung appears normal. Therefore, it's possible there is a pneumothorax, but it's not certain. Since the question asks for the best answer, and the image shows a dark area in the right lung, I will choose the option that indicates a possible pneumothorax.</think>
<answer>A</answer>
"
d9c89c56-9588-4c36-9ee7-bac43ceb1047,What type of staining is shown?,Endospore staining.,C,D,False,"<think>The image shows a staining pattern with distinct blue-colored structures and red-colored structures. This pattern is characteristic of Giemsa staining, which is commonly used to visualize the morphology of bacteria and parasites. While other staining methods might show some of these features, Giemsa staining is the most likely candidate given the overall appearance.</think>
<answer>D</answer>
"
da35a3de-fa23-4c20-905e-5b82b8d5d23a,What is the histopathologic diagnosis?,Adenocarcinoma. ,A,B,False,"<think>The image shows a histological section of a gastrointestinal tissue. The cells are arranged in gland-like structures, and there are some areas of increased cellularity. Based on these features, the most likely diagnosis is an adenoma. Adenocarcinomas are malignant tumors, while adenomas are benign tumors. The presence of gland formation and cellular atypia (indicated by the asterisks) suggests an adenoma. </think>
<answer>B</answer>
"
dd3a8b0d-b4cc-4651-9311-a7e75a7829be,What is the histopathologic diagnosis?,Squamous cell carcinoma. ,A,B,False,"<think>The image shows a microscopic view of a tissue sample. The presence of distinct structures like the epidermis and dermis, along with the presence of a nevus (a mole), suggests a benign condition. Squamous cell carcinoma is a malignant tumor, which is not indicated in the image.</think>
<answer>B</answer>
"
e4ce4ffc-bc94-4da2-abd7-2493702e2082,Are there pleural effusions in this chest x-ray?,"Yes, on the left",C,C,True,"<think>The image shows a significant opacity in the lower left hemithorax, obscuring the costophrenic angle. This suggests a large pleural effusion on the left side. There is no obvious effusion on the right side.</think>
<answer>C</answer>
"
e65f6b06-1b9e-473d-b1ef-2a029432e553,What is the histopathologic diagnosis?,Normal epidermis and dermis. ,D,D,True,"<think>The image shows a cross-section of skin. The epidermis is the outermost layer, and the dermis is the layer beneath it. The image shows normal skin structures, including the epidermis with its keratinocytes and the dermis with its collagen and blood vessels. There are no signs of malignancy or other abnormalities. Therefore, the histopathologic diagnosis is normal epidermis and dermis.</think>
<answer>D</answer>
"
e675a4c8-0f22-4925-8996-51e0d35bf990,On which side is the lumen?,Bottom left.,C,B,False,"<think>The lumen is the central cavity of a tubular structure. In this image, the lumen is the space inside the intestinal villi, which are finger-like projections that line the intestinal wall. The lumen is the inner surface of the villi, which is the side that is open to the digestive tract. Therefore, the lumen is on the top side of the image.</think>
<answer>B</answer>"
ea4975ff-f64d-4067-91ee-1cefeec69416,What is the histopathologic diagnosis?,Follicular adenoma (no capsular invasion). ,B,B,True,"<think>The image shows a well-differentiated thyroid neoplasm with follicles. The presence of capsular invasion is not evident. Therefore, the most likely diagnosis is a follicular adenoma.</think>
<answer>B</answer>
"
eb4248fd-adf3-4682-b738-5d69d0248511,Which lung lobe(s) is the atelectasis within?,Right middle lobe and right lower lobe,F,E,False,"<think>The image shows a chest X-ray. The right lung appears to be collapsed, with a dense opacity in the right lower lobe. This suggests atelectasis in the right lower lobe.</think>
<answer>E</answer>
"
edb2f37b-0fa0-4b82-abf5-eb81c548f8ab,Is there a visible pathology?,"Pneumothorax, left",C,C,True,"<think>The image shows a chest X-ray. There is a large area of increased density in the left hemithorax, which could represent a pneumothorax. The right lung appears relatively clear. Given the presence of a significant opacity in the left hemithorax, it is likely that there is a pneumothorax present.</think>
<answer>C</answer>
"
f5455eaf-7eba-44a4-963f-abdee38c9d99,What is shown on this Xray?,Moderate left pneumothorax,D,C,False,"<think>The image shows a chest X-ray. There appears to be a small amount of air in the pleural space on the right side, which could indicate a pneumothorax. The size of the pneumothorax is difficult to determine precisely from this single image, but it appears to be moderate. There is no obvious tension pneumothorax. The left lung appears relatively clear. </think>
<answer>C</answer>
"
f90cefb2-7034-49e5-be73-ee070eaa3840,Report this Chest x-ray as a radiologist.,Box shaped heart suggestive of Ebstein anomaly.,E,B,False,"<think>The heart appears enlarged. The shape is not a typical box or egg. The image is a chest x-ray, so the heart size is relative to the chest cavity. The heart appears to be significantly larger than normal, which could be due to various conditions, including cardiomegaly or a congenital heart defect. The image is not clear enough to definitively diagnose a specific condition, but the heart size warrants further investigation.</think>
<answer>B</answer>
"
fa8407ca-468a-410c-9072-5a2640459820,What pathology is most likely shown in this image?,Granuloma annulare.,B,C,False,"<think>The image shows a skin lesion with a raised, scaly, and erythematous (red) appearance. This is characteristic of discoid lupus. Bullseye rash is associated with Lyme disease, and granuloma annulare presents as raised, ring-shaped lesions. Therefore, the most likely pathology is discoid lupus.</think>
<answer>C</answer>
"
fbe4eed6-6670-4f77-9197-2728be0f8419,"Which abnormality, if any, is present in this ultrasound image?",Gallstones,A,B,False,"<think>The image shows a gallbladder. There is a structure within the gallbladder that appears to be a stone. The stone is not a gallstone, but rather a sludge. Sludge is a mixture of cholesterol crystals, calcium salts, and other substances that can accumulate in the gallbladder. It is a precursor to gallstones. Therefore, the abnormality is sludge.</think>
<answer>B</answer>"
