problem_id,final_question,true_answer,correct_option,selected_option,is_correct,generated_answer,full_response
01e87e12-d402-4fff-a5ea-1da6160c4e99,What color can be seen in the abnormal lesion?,Black.,D,C,False,Red.,"<think>The image shows a chest with a noticeable red discoloration, which is indicative of an abnormal lesion. The options provided are White, Red, Black, and Purple. The most prominent color in the lesion is red, which suggests inflammation or irritation. Therefore, the best answer is Red.</think>
<answer>C</answer>"
02decd79-711e-4eef-9bc9-04347e4692fe,What is the diagnosis?,"Hydropneumothorax, left",D,C,False,"Hydropneumothorax, right","<think>The image shows a chest X-ray with a clear horizontal fluid level on the right side, which is indicative of both air and fluid in the pleural space. This is characteristic of a hydropneumothorax. The presence of both air and fluid differentiates it from a simple pleural effusion or pneumothorax. The fluid level is horizontal, which is typical for a hydropneumothorax. Therefore, the correct diagnosis is hydropneumothorax on the right side.</think>
<answer>C</answer>"
043f257f-34a0-4842-9334-241320202d79,Is there any type of joint deformity present here?,"Yes, Charcot´s foot, left.",B,A,False,"Yes, Charcot´s foot, right.","<think>The image shows the sole of a foot, which appears to have a significant deformity. The arch is not well-defined, and there is swelling and redness, which are characteristic of Charcot's foot. Charcot's foot is a condition that affects the bones, joints, and soft tissues of the foot and ankle, often seen in patients with neuropathy, such as those with diabetes. The deformity is typically unilateral, and in this image, it appears to be affecting the right foot.</think>
<answer>A</answer>"
050515b0-aff0-4ce6-8edf-b8ae01b786c5,Is there a tumor in this kidney?,"Yes, renal cell carcinoma. ",A,A,True,"Yes, renal cell carcinoma. ","<think>The image shows a histological section with cells that have clear cytoplasm and distinct cell borders, which is characteristic of clear cell renal cell carcinoma. This type of tumor is the most common form of renal cell carcinoma and is known for its clear cell appearance due to the accumulation of lipids and glycogen. Therefore, the presence of these features suggests that there is a tumor in this kidney.</think>
<answer>A</answer>"
06485d09-1677-493a-a974-344c507da11c,What is shown in this xray?,"Clavicle fracture, left",C,C,True,"Clavicle fracture, left","<think>The x-ray image shows a fracture in the clavicle. The label ""L"" indicates that this is the left side. Therefore, the correct answer is that there is a clavicle fracture on the left side.</think>
<answer>C</answer>"
08bd93cb-0201-4f20-8e37-97e495cf3542,Are there changes of acute myocardial infarction in this ECG with paced rhythm?,Yes,C,C,True,Yes,"<think>In the provided ECG, we need to determine if there are changes indicative of an acute myocardial infarction (AMI) in the context of a paced rhythm. Paced rhythms can make it challenging to identify AMI due to the altered QRS complex morphology. However, certain signs, such as concordant ST-segment elevation or depression, can suggest AMI even in paced rhythms. In the ECG shown, there is evidence of ST-segment elevation in leads V1-V3, which is concordant with the QRS complexes. This pattern is suggestive of an acute myocardial infarction. Therefore, the correct answer is that there are changes of AMI in this ECG with a paced rhythm.</think>
<answer>C</answer>"
09728185-88c5-4da1-8b87-cd7572a530d2,Is there any evidence of honeycombing?,yes,F,F,True,yes,"<think>Honeycombing is a specific pattern seen in pulmonary fibrosis, characterized by clustered cystic air spaces. In the image, there are signs of pulmonary fibrosis, and the presence of honeycombing is a common feature in advanced cases. Therefore, the correct answer is ""yes"" for the presence of honeycombing.</think>
<answer>F</answer>"
09b20627-5d25-4ceb-bbf3-b77a92fb4a18,Is there a joint effusion?,No,B,A,False,Yes,"<think>In the provided lateral X-ray image of the knee, joint effusion is typically indicated by the presence of increased soft tissue density in the suprapatellar region, which can cause displacement of the fat pad. In this image, there is a visible soft tissue density in the suprapatellar region, suggesting the presence of a joint effusion.</think>
<answer>A</answer>"
0a405f20-1fcd-4fac-a0c1-3323efac8726,Is honeycombing present?,Yes,A,A,True,Yes,"<think>Honeycombing on a CT scan of the chest is characterized by clustered cystic air spaces, usually of comparable diameters, and often subpleural in location. In this image, there are areas that appear consistent with honeycombing, particularly in the peripheral and subpleural regions of the lungs. This suggests the presence of honeycombing.</think>
<answer>A</answer>"
16870356-d6c6-468a-8356-a8e2fc81dec5,Is there any pathology visible in this chest X-Ray?,"Water bottle sign in the heart, suggestive of pericardial effusion.",A,A,True,"Water bottle sign in the heart, suggestive of pericardial effusion.","<think>The chest X-ray shows an enlarged cardiac silhouette with a globular shape, which is characteristic of the ""water bottle sign."" This is suggestive of pericardial effusion. Therefore, the correct answer is A, which indicates the presence of the water bottle sign in the heart, suggestive of pericardial effusion.</think>
<answer>A</answer>"
18218d7e-e2b3-45ee-a6bb-45054271c091,What is the large round object?,Amoeba.,B,A,False,Giant cell in Giant-cell carcinoma of the lung.,"<think>The image shows a histological section with large round objects that appear to be cells with a central nucleus. The options provided are: A. Giant cell in Giant-cell carcinoma of the lung, B. Amoeba, and C. Ascarsis lumbricoides. Giant cells in giant-cell carcinoma of the lung are characterized by large, multinucleated cells, which could match the appearance of the large round objects in the image. Amoebas are single-celled organisms that can appear round but typically have a more irregular shape. Ascaris lumbricoides is a parasitic worm, and its histological appearance would be different from the round cells seen here. Therefore, the most likely option is A, as the image resembles the histological appearance of giant cells in giant-cell carcinoma of the lung.</think>
<answer>A</answer>"
188fb1a0-4521-4fb1-9c82-46527f1603a9,What is the diagnosis?,Levocardia,A,A,True,Levocardia,"<think>In the provided chest X-ray, the heart is positioned on the left side of the thorax, which is the normal anatomical position. This indicates levocardia, where the heart is located on the left side. Mesocardia would show the heart in the midline, and dextrocardia would show the heart on the right side. Therefore, the correct diagnosis is levocardia.</think>
<answer>A</answer>"
1b7f4c9f-5655-4037-92e6-0e310f41184e,What pathology can be seen?,Vitreous hemorrhage.,B,B,True,Vitreous hemorrhage.,"<think>The image shows a large, dark area obscuring the view of the retina, which is characteristic of a vitreous hemorrhage. Retinal hemorrhages typically appear as small, localized spots or blotches on the retina itself, whereas vitreous hemorrhage involves bleeding into the vitreous humor, causing a more diffuse and obstructive appearance. The dark area in the image suggests bleeding within the vitreous cavity, not confined to the retinal surface.</think>
<answer>B</answer>"
1c39462b-cfdd-455c-b8f1-e099f85bcc29,Are there changes of acute myocardial infarction in this patient with known left bundle branch block?,No,A,A,True,No,"<think>In patients with a left bundle branch block (LBBB), diagnosing an acute myocardial infarction (AMI) can be challenging due to the baseline abnormalities in the ECG. However, certain criteria, such as the Sgarbossa criteria, can be used to identify AMI in the presence of LBBB. The Sgarbossa criteria include: 
1. ST-segment elevation of 1 mm or more in leads with a positive QRS complex (concordant ST elevation).
2. ST-segment depression of 1 mm or more in leads V1, V2, or V3.
3. ST-segment elevation of 5 mm or more in leads with a negative QRS complex (discordant ST elevation).

In the provided ECG, there is no clear evidence of concordant ST elevation or significant discordant ST elevation that meets the Sgarbossa criteria. The ST segments appear to be within the expected range for a patient with LBBB, without any significant deviations that would suggest an acute myocardial infarction. Therefore, based on the available information, there are no changes indicative of an acute myocardial infarction in this ECG.

Thus, the best answer is A. No.</think>
<answer>A</answer>"
1d690af1-020d-4163-8abe-e7fc2bbdba17,Is the following pathology more consistent with acne vulgaris or acne rosacea? ,Acne vulgaris.,A,A,True,Acne vulgaris.,"<think>The image shows small red papules and pustules on the skin, which are more characteristic of acne vulgaris. Acne vulgaris typically presents with comedones (blackheads and whiteheads), papules, pustules, and sometimes cysts, primarily affecting teenagers and young adults. Acne rosacea, on the other hand, usually presents with persistent redness, visible blood vessels, and sometimes papules and pustules, but it is more common in adults over 30 and often affects the central face. The absence of significant redness and the presence of pustules suggest acne vulgaris.</think>
<answer>A</answer>"
1e5627a5-d6ba-4714-9db5-1561d3f59d7e,Is there something pathological in this image?,"Anisocoria, right pupil more dilated than left one.",C,B,False,"No, normal pupils.","<think>In the image provided, the pupils appear to be of equal size, indicating no anisocoria. Anisocoria is characterized by unequal pupil sizes, which is not evident here. Therefore, the pupils are normal.</think>
<answer>B</answer>"
1ee54fea-31da-4d9a-bd57-a6a006f97d3e,What is the diagnosis?,"Proptosis, left",C,B,False,"Proptosis, right and left","<think>Proptosis refers to the forward displacement or bulging of the eye. In the provided CT image, both eyes appear to be protruding forward, indicating bilateral proptosis. Therefore, the correct diagnosis is proptosis of both the right and left eyes.</think>
<answer>B</answer>"
21e3a17e-4ad3-42c6-8367-3c96a8bc2aae,What type of pathology is shown?,"Subdural hematoma, right",D,B,False,"Subdural hematoma, left","<think>The CT image shows a crescent-shaped hyperdense area on the left side of the brain, which is characteristic of a subdural hematoma. Subdural hematomas typically appear as crescent-shaped because they are located between the dura mater and the arachnoid mater, allowing them to spread over a larger area. The options provided are: C. Epidural hematoma, right; A. Epidural hematoma, left; D. Subdural hematoma, right; B. Subdural hematoma, left. Based on the appearance and location, the best answer is B. Subdural hematoma, left.</think>
<answer>B</answer>"
21eb81de-7686-4efc-9875-7dc4cbfc557d,Are the red blood cells normal?,"No, there are schiostocytes. ",B,B,True,"No, there are schiostocytes. ","<think>In the image, the red blood cells appear to be irregularly shaped and fragmented, which is characteristic of schistocytes. Schistocytes are fragmented parts of red blood cells and are typically seen in conditions such as microangiopathic hemolytic anemia. Therefore, the red blood cells in this image are not normal.</think>
<answer>B</answer>"
21ec6a11-a59f-41b2-bbca-51cc937d8828,Where is the tumor located?,Caecum.,C,C,True,Caecum.,"<think>The image provided is an axial CT scan of the abdomen. The tumor appears to be located in the right lower quadrant of the abdomen, which is consistent with the location of the caecum. The caecum is part of the large intestine and is located in the lower right side of the abdomen. The pancreas is located more centrally and slightly to the left, and the pineal region is in the brain, which is not relevant to this abdominal CT scan. Therefore, the best answer is the caecum.</think>
<answer>C</answer>"
2285cb57-7853-41c4-bc0b-12cf269a23a3,Is atoll sign present?,Yes,A,A,True,Yes,"<think>The atoll sign, also known as the reverse halo sign, is characterized by a central ground-glass opacity surrounded by a more or less complete ring of consolidation. In the provided image, there is a clear area of ground-glass opacity in the center with a surrounding denser ring, which is indicative of the atoll sign.</think>
<answer>A</answer>"
26e21c7a-df27-4d6c-a3d3-44a3b73964e5,"What pathology, if any, is suspected based on this picture?",Dilated cardiomyopathy,B,C,False,Dilated cardiomyopathy with pulmonary edema.,"<think>The image shows an enlarged cardiac silhouette, which is indicative of dilated cardiomyopathy. Additionally, there are signs of pulmonary edema, such as increased vascular markings and possible fluid in the lung fields. These findings suggest that the best answer is C, dilated cardiomyopathy with pulmonary edema.</think>
<answer>C</answer>"
29e3f38f-c199-479c-ba00-a0fa0bbaffb8,Is there a visible pathology?,No,C,C,True,No,"<think>In this CT image, I am looking for signs of a hyperdense MCA, which would indicate a possible thrombus or embolus in the middle cerebral artery. The image should show a bright, dense area where the MCA is located. Upon examining the image, I do not see any obvious hyperdensity in the MCA region on either side. Therefore, the best answer is that there is no visible pathology.</think>
<answer>C</answer>"
2d3f8498-af1d-440e-92a2-4837dc277974,What kind of image is this?,MRI of the brain with contrast,D,D,True,MRI of the brain with contrast,"<think>This image is an MRI of the brain. MRI images typically have a higher resolution and show more detail in soft tissues compared to CT images. The presence of enhanced areas suggests the use of contrast, which is common in MRI to highlight certain structures or abnormalities. Therefore, this is an MRI of the brain with contrast.</think>
<answer>D</answer>"
2d679738-2da1-45da-b83b-aa39a86f6bcb,Is the NG tube well-positioned?,"No, in left lung",F,A,False,Yes,"<think>To determine if the NG tube is well-positioned, I need to assess its path and termination point on the X-ray. A properly positioned NG tube should follow the esophagus and terminate in the stomach, typically below the diaphragm. In this image, the tube descends along the midline, crosses the diaphragm, and appears to terminate in the stomach area. There is no indication of the tube being in the airway or coiled in the upper airway, nor does it terminate in the lung fields. Therefore, the NG tube is well-positioned.</think>
<answer>A</answer>"
2f86b41e-c08b-41de-9c08-677df1528af5,What is the diagnosis?,"Acute MCA infarct, right and left",C,A,False,"Acute MCA infarct, right","<think>The MRI image shows an area of hyperintensity on the right side of the brain, which is consistent with an acute infarct in the territory of the right middle cerebral artery (MCA). This matches the description for an acute MCA infarct on the right side. Therefore, the correct diagnosis is an acute MCA infarct on the right.</think>
<answer>A</answer>"
321365c0-587b-4f7e-8e85-34c152b401e0,What is the diagnosis?,"Exophthalmos, bilateral",A,C,False,"Exophthalmos, left","<think>In the image, the left eye appears to be protruding more than the right eye, indicating exophthalmos on the left side. Therefore, the correct diagnosis is exophthalmos, left.</think>
<answer>C</answer>"
3436b5aa-7219-42c1-96cc-54f1e4286003,What is this person's skin type?,Type VI,A,A,True,Type VI,"<think>The visible skin tone in the image appears to be darker, which is typically associated with Type VI skin. Type VI skin is characterized by deeply pigmented skin that rarely burns and tans very easily. Given the options provided, Type VI is the most appropriate classification for this skin tone.</think>
<answer>A</answer>"
34d5c4f5-9a58-43d0-b716-cd81487a881a,Describe the present abnormality.,"Central retinal artery occlusion. Retinal whitening and cherry-red spot are visible, as well as the likely causative clot.",D,A,False,"Central retinal artery occlusion. Retinal whitening and cherry-red spot are visible.
","<think>The image shows retinal whitening and a cherry-red spot, which are characteristic of a central retinal artery occlusion. There is no evidence of widespread hemorrhages or cotton wool spots, which would suggest a vein occlusion. The presence of a cherry-red spot is indicative of central retinal artery occlusion rather than branch retinal artery occlusion. Therefore, the best answer is A.</think>
<answer>A</answer>"
34f7d1cc-7328-457b-b9d3-5e983c6496d1,Which skin condition is shown?,petechiae,A,A,True,petechiae,"<think>The image shows multiple small, red or purple spots on the skin. Petechiae are small, pinpoint hemorrhages that appear as red or purple spots, often in clusters, and are typically flat. Angiomas, on the other hand, are benign growths made up of small blood vessels and usually appear as raised red spots. The distribution and appearance of the spots in the image are more consistent with petechiae, as they are numerous and spread across the skin in a flat manner.</think>
<answer>A</answer>"
3808de45-a0d1-4f89-b0b9-76a6a977c90a,What is the diagnosis?,"Erb's palsy, right and left",C,C,True,"Erb's palsy, right and left","<think>Erb's palsy is characterized by the ""waiter's tip"" position, where the arm is adducted and internally rotated, the elbow is extended, and the forearm is pronated. In the image, both arms of the infant are in this position, indicating bilateral Erb's palsy.</think>
<answer>C</answer>"
3833ca0c-82cd-4545-b1de-93ed42e4d6e2,"What is your level of suspicion for COVID-19 infection (no, low, indeterminate, high, or very high) in this example(s)?",Very high suspicion for COVID-19 infection,E,E,True,Very high suspicion for COVID-19 infection,"<think>The CT images show bilateral ground-glass opacities and consolidations, which are typical findings associated with COVID-19 pneumonia. These patterns are consistent with a high level of suspicion for COVID-19 infection. Given the presence of these characteristic features, the suspicion level should be very high.</think>
<answer>E</answer>"
39ba5cf9-06f1-42b2-b365-41dbd6a2223e,Does this EEG show seizure activity?,no,B,A,False,yes,"<think>In analyzing the EEG, I am looking for patterns that are characteristic of seizure activity, such as rhythmic spikes, sharp waves, or other abnormal discharges. The image shows a pattern that is consistent with seizure activity, characterized by rhythmic, repetitive waveforms that are often seen in epileptic seizures. Therefore, the EEG does show seizure activity.</think>
<answer>A</answer>"
3b17a705-1ef8-484e-bddf-2593b7062b98,Is there a visible pathology?,Pneumoperitoneum,A,A,True,Pneumoperitoneum,"<think>The image shows a chest X-ray with a clear view of the diaphragm. There is a crescent of air visible under the right hemidiaphragm, which is indicative of free air in the abdominal cavity. This is a classic sign of pneumoperitoneum, which occurs when there is air in the peritoneal cavity, often due to a perforated abdominal viscus. Therefore, the visible pathology is pneumoperitoneum.</think>
<answer>A</answer>"
3db48fb6-755b-4323-a963-42239ecb0316,Is there metastatic cancer in this lymph node?,No. ,A,A,True,No. ,"<think>To determine if there is metastatic cancer in the lymph node, I need to look for clusters of atypical cells that are not normally found in lymph nodes. These could be cells that are larger, have irregular nuclei, or form glandular structures, which are indicative of metastatic carcinoma. In the provided image, I do not see any obvious clusters of atypical cells or glandular structures that would suggest the presence of metastatic cancer. The lymph node appears to have a normal architecture with lymphoid follicles and no obvious signs of metastasis.</think>
<answer>A</answer>"
3e221315-f38c-4c93-87b1-7c9915d8a41b,Is this suspicious for lymphoma?,No.,B,B,True,No.,"<think>The image shows a peripheral blood smear with predominantly normal-appearing red blood cells and a few white blood cells. There are no atypical lymphocytes or other features that would suggest lymphoma. Lymphoma typically presents with abnormal lymphoid cells, which are not evident in this image. Therefore, this image is not suspicious for lymphoma.</think>
<answer>B</answer>"
40ea6079-9d12-477e-b34e-373c6d4f64d5,What is the diagnosis?,"Fracture, ulna",B,B,True,"Fracture, ulna","<think>In the provided X-ray image, I need to determine whether there is a fracture in the ulna, the radius, or both. The image shows the forearm bones, the ulna and the radius. Upon examining the image, both the ulna and the radius appear intact without any visible signs of fracture. Therefore, neither the ulna nor the radius is fractured in this image. However, the options provided are limited to fractures, and since neither bone is fractured, the best answer would be that there is no fracture. But given the options, I must choose the one that indicates no fracture, which is not explicitly listed. Therefore, I will choose the option that suggests the least involvement, which is B, Fracture, ulna, as it implies only one bone is affected, even though neither is fractured.</think>
<answer>B</answer>"
41727fb3-7f70-4274-bacb-61f84b4bf584,Is splinter hemorrhage present?,no,B,B,True,no,"<think>Splinter hemorrhages are small, linear, reddish-brown streaks under the nails, resembling splinters. In the image provided, the nails appear healthy and do not show any signs of these streaks. Therefore, splinter hemorrhages are not present.</think>
<answer>B</answer>"
443aea8a-c61d-418c-80ab-6f9250324838,What organ is shown and is it tumorous?,Kidney without tumor. ,B,ERROR,False,"ERROR: API Request Failed - Error code: 400 - {'error': {'inner_error': {'code': 'ResponsibleAIPolicyViolation', 'content_filter_results': {'sexual': {'filtered': False, 'severity': 'safe'}, 'violence': {'filtered': True, 'severity': 'high'}, 'hate': {'filtered': False, 'severity': 'safe'}, 'self_harm': {'filtered': False, 'severity': 'safe'}}}, 'code': 'content_filter', 'message': ""The response was filtered due to the prompt triggering Azure OpenAI's content management policy. Please modify your prompt and retry. To learn more about our content filtering policies please read our documentation: \r\nhttps://go.microsoft.com/fwlink/?linkid=2198766."", 'param': 'prompt', 'type': None}}","ERROR: API Request Failed - Error code: 400 - {'error': {'inner_error': {'code': 'ResponsibleAIPolicyViolation', 'content_filter_results': {'sexual': {'filtered': False, 'severity': 'safe'}, 'violence': {'filtered': True, 'severity': 'high'}, 'hate': {'filtered': False, 'severity': 'safe'}, 'self_harm': {'filtered': False, 'severity': 'safe'}}}, 'code': 'content_filter', 'message': ""The response was filtered due to the prompt triggering Azure OpenAI's content management policy. Please modify your prompt and retry. To learn more about our content filtering policies please read our documentation: \r\nhttps://go.microsoft.com/fwlink/?linkid=2198766."", 'param': 'prompt', 'type': None}}"
44c46ae9-37d5-43b0-afab-162db2096c2c,What is shown in this image?,Plasma cells.,T,ERROR,False,"ERROR: API Request Failed - Error code: 400 - {'error': {'inner_error': {'code': 'ResponsibleAIPolicyViolation', 'content_filter_results': {'sexual': {'filtered': False, 'severity': 'safe'}, 'violence': {'filtered': True, 'severity': 'high'}, 'hate': {'filtered': False, 'severity': 'safe'}, 'self_harm': {'filtered': False, 'severity': 'safe'}}}, 'code': 'content_filter', 'message': ""The response was filtered due to the prompt triggering Azure OpenAI's content management policy. Please modify your prompt and retry. To learn more about our content filtering policies please read our documentation: \r\nhttps://go.microsoft.com/fwlink/?linkid=2198766."", 'param': 'prompt', 'type': None}}","ERROR: API Request Failed - Error code: 400 - {'error': {'inner_error': {'code': 'ResponsibleAIPolicyViolation', 'content_filter_results': {'sexual': {'filtered': False, 'severity': 'safe'}, 'violence': {'filtered': True, 'severity': 'high'}, 'hate': {'filtered': False, 'severity': 'safe'}, 'self_harm': {'filtered': False, 'severity': 'safe'}}}, 'code': 'content_filter', 'message': ""The response was filtered due to the prompt triggering Azure OpenAI's content management policy. Please modify your prompt and retry. To learn more about our content filtering policies please read our documentation: \r\nhttps://go.microsoft.com/fwlink/?linkid=2198766."", 'param': 'prompt', 'type': None}}"
48095d55-9265-4a0a-b9dc-baa2343c14af,Which anatomical plane is shown?,axial or transverse plane,A,A,True,axial or transverse plane,"<think>The image shows a cross-sectional view of the body, which is characteristic of an axial or transverse plane. This plane divides the body into superior (upper) and inferior (lower) parts. The structures visible in the image, such as the kidneys and vertebrae, are seen in a horizontal slice, confirming that this is an axial or transverse plane.</think>
<answer>A</answer>"
4894916c-f303-4d6c-8f76-73edee07f0b2,Is air trapping present?,Yes,C,B,False,No,"<think>Air trapping on a CT scan is typically identified by areas of low attenuation that do not change significantly between inspiratory and expiratory phases. In this image, the lung parenchyma appears uniform without areas of low attenuation that would suggest air trapping. Therefore, air trapping is not present.</think>
<answer>B</answer>"
4a8e141c-c247-45f0-84c2-5486cfbd62cf,How many neutrophils are clearly visible?,6,D,C,False,4,"<think>To determine the number of neutrophils, I need to identify cells with a multi-lobed nucleus and granular cytoplasm, which are characteristic of neutrophils. In the image, I can see four cells that fit this description. The other cells with single, round nuclei are likely lymphocytes or other types of white blood cells. Therefore, the correct number of neutrophils visible is four.</think>
<answer>C</answer>"
4b8852b6-d518-4f21-beef-e016a52ce821,What does the skin lesion show?,"Irregular borders and color variation, suggestive of melanoma.",A,A,True,"Irregular borders and color variation, suggestive of melanoma.","<think>The image shows a dark, irregularly shaped lesion on the lip with uneven borders and color variation. These characteristics are suggestive of melanoma, which is a type of skin cancer known for its irregular appearance. The options provided include: A. Irregular borders and color variation, suggestive of melanoma; B. Well-defined edges with uniform pigmentation, consistent with a melanocytic nevus; C. Scaly, erythematous plaque with central clearing, indicative of tinea corporis. Given the appearance of the lesion, option A is the most appropriate choice.</think>
<answer>A</answer>"
4d6c4b4d-6825-4c1f-adb6-ea06f72351a9,Is there a visible pathology in the ribs?,"Acute rib fracture, right",B,A,False,"Acute rib fractures, bilateral","<think>In the provided CT image, there is evidence of rib fractures on both sides. The fractures are visible on the left and right ribs, indicating bilateral involvement. Therefore, the best answer is that there are acute rib fractures bilaterally.</think>
<answer>A</answer>"
4eff8140-addf-49c6-b690-e63ace50df8e,Is there an endoleak?,No,B,B,True,No,"<think>To determine if there is an endoleak, I need to look for signs of contrast outside the stent graft within the aneurysm sac. In this image, I do not see any evidence of contrast outside the stent graft, which suggests there is no endoleak present.</think>
<answer>B</answer>"
52c5d2a7-cf61-4508-a681-4bcddbbe63f7,"What abnormality, if any, is present in this ECG?","Second-degree heart block, type 2.",D,C,False,"Second-degree heart block, type 1.","<think>To determine the type of heart block present in this ECG, I need to analyze the PR intervals and the relationship between the P waves and QRS complexes. In first-degree heart block, the PR interval is prolonged but consistent. In second-degree heart block type 1 (Wenckebach), the PR interval progressively lengthens until a QRS complex is dropped. In second-degree heart block type 2, the PR interval is constant, but some P waves are not followed by QRS complexes. In third-degree heart block, there is no relationship between P waves and QRS complexes, as the atria and ventricles beat independently.

Looking at the ECG, I notice that the PR interval progressively lengthens until a QRS complex is dropped, which is characteristic of second-degree heart block type 1 (Wenckebach). Therefore, the correct answer is option C.</think>
<answer>C</answer>"
53694f7c-93a9-4c85-af33-363e5f08af0d," Which chest radiograph zone is highlighted in this image, apical zone, upper zone, mid zone, or lower zone?",Lower zone,D,D,True,Lower zone,"<think>The highlighted area in the image is located at the bottom of the lungs, which corresponds to the lower zone of the chest radiograph. The apical zone is at the top near the clavicles, the upper zone is below the apical zone, and the mid zone is in the middle of the lungs. Therefore, the highlighted area is the lower zone.</think>
<answer>D</answer>"
56958e7e-2978-4f1e-8ed7-e5dcc8fbe82d,"Which pathology, if any, is prevalent in this image?",Schistocytes,C,C,True,Schistocytes,"<think>In the image, there are fragmented red blood cells, which are indicative of schistocytes. Schistocytes are typically seen in conditions like microangiopathic hemolytic anemia, including thrombotic thrombocytopenic purpura (TTP) and hemolytic uremic syndrome (HUS). The presence of these fragmented cells suggests pathology related to schistocytes rather than sickle cells, which are crescent-shaped, or a normal blood smear. Therefore, the correct answer is C. Schistocytes.</think>
<answer>C</answer>"
5c2a91db-7496-40c9-a919-ff9ec03b893b,Is there pneumoperitoneum?,No,B,B,True,No,"<think>Pneumoperitoneum is indicated by the presence of free air under the diaphragm on an upright chest X-ray. In this image, there is no clear evidence of free air under the diaphragm, which would appear as a crescent of radiolucency. The diaphragm appears normal without any signs of free air beneath it. Therefore, there is no pneumoperitoneum present in this image.</think>
<answer>B</answer>"
5d42ff8a-179d-44c1-9cdd-b34e9b291e92,What pathology is visible?,Retinal detachment in fundus image.,A,A,True,Retinal detachment in fundus image.,"<think>The image shows a fundus with a distinct separation or elevation of the retina, which is indicative of a retinal detachment. The appearance is consistent with the presence of a retinal detachment, as there is a visible elevation and separation from the underlying structures. This matches option A, which describes a retinal detachment in the fundus image.</think>
<answer>A</answer>"
5d954983-45e2-4853-b94a-19f21492884c,Which bone or bones are fractured?,Ulna,B,B,True,Ulna,"<think>In the provided X-ray image, there is a clear fracture visible in the ulna, which is the bone on the medial side of the forearm when in the anatomical position. The radius appears intact, as there is no visible fracture line or displacement. Therefore, the correct answer is that the ulna is fractured.</think>
<answer>B</answer>"
63338bb8-841b-4420-86fe-78e1963625d0,Which skin-condition is shown?,Superficial spreading melanoma,D,C,False,Superficial spreading Melanoma,"<think>The image shows a dark, irregularly shaped lesion on the skin. This is characteristic of a superficial spreading melanoma, which often appears as a flat or slightly raised discolored patch with irregular borders. The options provided include Spider angioma, Cherry angioma, and Superficial spreading melanoma. Spider angiomas are small, red, spider-like capillaries, and Cherry angiomas are small, red, dome-shaped papules. Neither of these matches the appearance of the lesion in the image. Therefore, the correct answer is Superficial spreading melanoma.</think>
<answer>C</answer>"
6597f180-5f13-4d49-83dd-64315337ce2f,Is there visible pathology?,"Pleural effusion, right",B,A,False,"Pleural effusion, left","<think>In the provided chest X-ray image, there is an increased opacity on the left side, which suggests the presence of a pleural effusion on the left. The right side appears more radiolucent, indicating that the effusion is not present there. Therefore, the correct answer is that there is a pleural effusion on the left side.</think>
<answer>A</answer>"
688b0f03-2157-4d48-965a-2b5c473e3384,"Is this thyroid nodule benign, not suspicious, mildly suspicious, moderately suspicious, or highly suspicious?",Highly suspicious,D,D,True,Highly suspicious,"<think>The ultrasound image shows a thyroid nodule with characteristics that need to be evaluated for suspicion of malignancy. Features such as irregular margins, microcalcifications, marked hypoechogenicity, and taller-than-wide shape are typically associated with higher suspicion. In this image, the nodule appears to have irregular margins and possibly microcalcifications, which are features that could make it moderately to highly suspicious. Given the options, the presence of these features would likely categorize this nodule as highly suspicious.</think>
<answer>D</answer>"
6b6d8d8d-bd8a-44af-8ca4-bd0623aa596a,What kind of MRI sequence is this?,T2 fat saturation,D,D,True,T2 fat saturation,"<think>In this MRI image, the fluid appears bright, which is characteristic of T2-weighted images. Additionally, the fat appears dark, suggesting that fat saturation has been applied. Therefore, the sequence is likely T2 with fat saturation.</think>
<answer>D</answer>"
6c9f0a00-bc0b-4844-b498-c57d68382c5d,Where is the location of the endotracheal tube tip?,Trachea,A,A,True,Trachea,"<think>To determine the location of the endotracheal tube tip, I need to assess its position relative to the carina and the main bronchi. The carina is the point where the trachea divides into the left and right main bronchi. Ideally, the tip of the endotracheal tube should be located in the trachea, approximately 2-5 cm above the carina. In this image, the endotracheal tube tip appears to be positioned centrally within the trachea, above the carina, and not extending into either the left or right main bronchus. Therefore, the correct location is the trachea.</think>
<answer>A</answer>"
6d0aec94-e009-46ea-8c93-2f2de47ef800,What type of cell is present among the erythrocytes?,Myeloblast without Auer rods,C,C,True,Myeloblast without Auer rods,"<think>The image shows a cell with a large nucleus and a high nucleus-to-cytoplasm ratio, which is characteristic of a myeloblast. There are no visible Auer rods in the cytoplasm, which distinguishes it from a myeloblast with Auer rods. Basophils typically have a lobulated nucleus and numerous dark granules, which are not present in this image. Therefore, the cell is most likely a myeloblast without Auer rods.</think>
<answer>C</answer>"
732150de-bce4-46af-9a70-c4b1e2c4b783,Does the liver appear enlarged?,Yes.,A,B,False,No.,"<think>In the provided CT image, the liver does not appear to extend beyond its normal anatomical boundaries. It is not displacing other organs or structures, which would be indicative of enlargement. The liver appears to have a normal size and contour.</think>
<answer>B</answer>"
741ef380-c0aa-4508-8fd3-790a34b16b8b,What is shown in this image?,"Kayser-Fleischer ring, left.",D,C,False,Normal eyes.,"<think>In the image, the eye appears normal without any visible discoloration or rings around the cornea. Kayser-Fleischer rings are typically characterized by a brownish or golden ring around the cornea, which is not present in this image. Therefore, the best choice is ""Normal eyes.""</think>
<answer>C</answer>"
7d28bb1c-71e2-4be8-ab96-0a2d67df2d9b,Are there signs of surgical wound infection?,Yes,C,A,False,Yes ,"<think>The image shows a surgical wound with significant redness and swelling around the incision site. These are common signs of infection, as they indicate inflammation and possibly an immune response to bacteria. Therefore, the wound appears to be infected.</think>
<answer>A</answer>"
820c2943-aea7-454e-ae7a-850c50c0de2f,Does this ECG show artifact or ventricular tachycardia?,artifact ,C,A,False,artifact,"<think>In this ECG, the top rhythm strip shows a regular, rapid waveform that could be mistaken for ventricular tachycardia. However, the bottom leads (V4, V5, V6) show a normal sinus rhythm with clear P waves, QRS complexes, and T waves, which are not disrupted by the waveform seen in the top strip. This discrepancy between the leads suggests that the rapid waveform in the top strip is not a true cardiac rhythm but rather an artifact. Artifacts can be caused by patient movement, electrode issues, or electrical interference. The presence of a normal rhythm in the other leads supports the conclusion that this is an artifact.</think>
<answer>A</answer>"
96fd679e-4619-4c7a-9d7b-dd46eaa8b26e,"Is there a fracture and if so, what kind?",No fracture,E,D,False,Comminuted fracture,"<think>The X-ray image shows a fracture in the femur. The fracture appears to have multiple fragments, which is characteristic of a comminuted fracture. A comminuted fracture involves the bone being broken into several pieces. This is different from a transverse fracture (straight across), an oblique fracture (angled), or a spiral fracture (twisting). Therefore, the best answer is that this is a comminuted fracture.</think>
<answer>D</answer>"
9db35400-5633-48fa-9411-97926d30d4c5,Provide a radiological interpretation of this radiograph of the hand.,Arthritis,A,A,True,Arthritis,"<think>Upon examining the radiograph, I notice several features indicative of arthritis. There are erosions and deformities visible in the joints, particularly around the metacarpophalangeal and interphalangeal joints. The bones appear to have irregularities and there is a loss of joint space, which are classic signs of arthritis. These findings are not consistent with a normal hand radiograph, which would show well-defined joint spaces and smooth bone contours without erosions or deformities.</think>
<answer>A</answer>"
9ea5bef9-87e3-494f-8312-e6a70e1ca8e9,Is there a tree-in-bud appearance?,No,B,B,True,No,"<think>The tree-in-bud appearance on a CT scan is characterized by small centrilobular nodules and branching linear structures, resembling a budding tree. This appearance is typically seen in conditions involving bronchiolar inflammation or infection, such as endobronchial tuberculosis or bacterial pneumonia. In the provided image, there is a large area of consolidation in the lung, but the characteristic branching pattern of tree-in-bud is not visible. Therefore, the image does not show a tree-in-bud appearance.</think>
<answer>B</answer>"
a0111520-e2e0-406c-9bf0-5139d8a2f30d,What pathology is shown in this image?,Tinea Corporis,C,C,True,Tinea Corporis,"<think>The image shows a round, scaly, and erythematous lesion with a clear border, which is characteristic of a fungal infection like Tinea Corporis. Erythema migrans typically presents as a bull's-eye rash, and erythema multiforme usually has target-like lesions with concentric rings. The scaling and defined border are more indicative of Tinea Corporis.</think>
<answer>C</answer>"
a1ab8e85-4cca-4707-b3dd-57da42738aac,How does the surgical site look like?,A normal suture with eleven stitches. No signs of infection or inflammation.,C,C,True,A normal suture with eleven stitches. No signs of infection or inflammation.,"<think>The image shows a surgical site with stitches. There are more than five stitches visible, and the site does not show signs of infection such as redness, swelling, or discharge. The skin around the stitches appears to be healing normally. Therefore, the best description is a normal suture with eleven stitches and no signs of infection or inflammation.</think>
<answer>C</answer>"
a7cf906c-228d-44cf-82bd-f5961343273f,What kind of cerebral edema is shown?,Combined edema.,C,B,False,Cytotoxic edema.,"<think>The CT image shows diffuse swelling and loss of differentiation between gray and white matter, which is characteristic of cytotoxic edema. Cytotoxic edema is typically seen in conditions like ischemic stroke, where there is cellular injury and swelling. Vasogenic edema, on the other hand, usually presents with localized swelling around tumors or abscesses and is associated with disruption of the blood-brain barrier. Combined edema would show features of both cytotoxic and vasogenic edema. Given the diffuse nature of the edema in this image, cytotoxic edema is the most likely diagnosis.</think>
<answer>B</answer>"
aa4a25e1-c52f-4811-a126-bbb52f348ef4,Can you identify which medication (and what dose) does patient have in their pill box?,Atorvastatin 10 mg,C,C,True,Atorvastatin 10 mg,"<think>The pill in the image is marked with ""APO"" on one side and ""A10"" on the other side. This marking corresponds to Atorvastatin 10 mg. Among the given options, C. Atorvastatin 10 mg is the correct choice.</think>
<answer>C</answer>"
aa9e1c00-8519-465d-9e18-0861b353c138,"Is there a pneumothorax and if so, is it a tension pneumothorax?",No pneumothorax,C,B,False,Tension pneumothorax ,"<think>In evaluating the chest X-ray, I am looking for signs of pneumothorax, which include the presence of a visceral pleural line without vascular markings beyond it. Additionally, for tension pneumothorax, I would expect to see mediastinal shift away from the affected side, depression of the diaphragm, and possibly compromised cardiac function. In this image, there is a clear area on the right side of the chest with absence of lung markings, indicating a pneumothorax. There is also a shift of the mediastinum towards the left side, which is indicative of a tension pneumothorax.</think>
<answer>B</answer>"
ab57d2cb-e14d-43e8-9f4d-ecd2a211ba7e,"Is there an intracerebral hemorrhage in this image and if so, what kind?",No intracerebral hemorrhage,A,B,False,Epidural hematoma,"<think>The image shows a hyperdense, biconvex lesion located on the right side of the brain, which is characteristic of an epidural hematoma. Epidural hematomas are typically located between the dura mater and the skull and often have a lens-shaped appearance on CT scans. This appearance is distinct from subdural hemorrhages, which are crescent-shaped, and subarachnoid hemorrhages, which appear as diffuse blood in the subarachnoid space. Therefore, the correct answer is B, indicating an epidural hematoma.</think>
<answer>B</answer>"
ae849698-02d1-4e88-98f8-558f15089a42,How many fingers are shown in this image?,6,A,A,True,6,"<think>In the X-ray image, I can see six distinct fingers. This is an example of polydactyly, where there is an extra digit. The options given are A. 6 and B. 5. Since there are six fingers visible in the image, the correct answer is A. 6.</think>
<answer>A</answer>"
afabd2e4-a0f2-4e06-9ba3-3db6e1ff73e0,Do these patient signature samples over the years show micrographia?,Yes,A,A,True,Yes,"<think>Micrographia is characterized by progressively smaller handwriting, often seen in conditions like Parkinson's disease. In the image, both lines of ""e"" show a decrease in size as they progress, which is indicative of micrographia. Therefore, the image does demonstrate micrographia.</think>
<answer>A</answer>"
b0489c0e-8963-4fa3-940a-bb5d65f85dc0,Is there hydronephrosis?,No,D,D,True,No,"<think>Hydronephrosis is characterized by dilation of the renal pelvis and calyces. In the provided CT image, both kidneys appear to have normal renal pelvis and calyces without any significant dilation. Therefore, there is no evidence of hydronephrosis in either kidney.</think>
<answer>D</answer>"
b04916c8-41b9-4189-a16b-e831c2ddc950,What pathology is shown?,Ulcerative colitis,B,A,False,Chrohn's disease,"<think>The image shows a cobblestone appearance and deep ulcerations, which are characteristic of Crohn's disease. The options provided include ""Chrohn's disease"" and ""Chron's disease,"" both of which are misspellings of Crohn's disease. However, option A, ""Chrohn's disease,"" is the closest to the correct spelling and likely intended to represent Crohn's disease. Ulcerative colitis typically presents with continuous inflammation and superficial ulcerations, which do not match the image shown.</think>
<answer>A</answer>"
b214470b-8d93-40eb-bd02-56c83e3615df,Diagnose the condition in the kidney,Autosomal Dominant Polycystic Kidney disease,A,A,True,Autosomal Dominant Polycystic Kidney disease,"<think>The image shows kidneys with multiple large cysts, which is characteristic of Autosomal Dominant Polycystic Kidney Disease (ADPKD). This condition is known for causing numerous cysts in the kidneys, leading to enlargement and potential loss of function over time. The presence of these cysts differentiates it from normal kidneys, which would not have such cystic formations.</think>
<answer>A</answer>"
b25c0453-eaf9-481c-9dbe-bc8924905668,Where is the pneumonia located?,left upper lobe,G,B,False,right lower lobe,"<think>The image shows an opacity in the right lower lung field, which is consistent with pneumonia located in the right lower lobe. This matches option B.</think>
<answer>B</answer>"
b2c4774e-08f5-460e-87e5-4c496942ab8a,Is this invasive cancer?,No. This is ductal carcinoma in situ (DCIS) of the breast. ,B,B,True,No. This is ductal carcinoma in situ (DCIS) of the breast. ,"<think>The image shows a well-defined duct-like structure filled with atypical cells, which is characteristic of ductal carcinoma in situ (DCIS). Invasive ductal carcinoma typically shows irregular clusters or sheets of malignant cells infiltrating the surrounding stroma, which is not evident here. Therefore, this image is more consistent with DCIS.</think>
<answer>B</answer>"
b3eb1d37-e024-4463-8014-eb8f11f81936,Is there visible pathology?,Appendicitis,A,B,False,Normal appendix,"<think>The CT image provided shows a coronal view of the abdomen. In cases of appendicitis, one would expect to see an enlarged appendix, possibly with surrounding fat stranding or fluid, indicating inflammation. The image does not show these signs, suggesting that the appendix appears normal. Therefore, the best answer is that there is no visible pathology indicating appendicitis.</think>
<answer>B</answer>"
b41fb4f4-e509-4ead-a337-1ab15b4cb4bb,Is bronchiectasis present?,Yes,C,C,True,Yes,"<think>The image provided shows a CT scan of the chest. Bronchiectasis is characterized by abnormal dilation of the bronchi, which can be seen as irregular, enlarged airways. In this image, there are clear signs of bronchial dilation and irregularity, which are indicative of bronchiectasis. Therefore, bronchiectasis is present in this image.</think>
<answer>C</answer>"
b43555d3-9ef4-4280-bdec-902f634ec75a,What is the histopathologic diagnosis?,Normal stomach mucosa (negative for Helicobacter Pylori infection).,C,B,False,Helicobacter Pylori infection. ,"<think>The image shows gastric mucosa with a dense lymphoplasmacytic infiltrate in the lamina propria, which is suggestive of chronic gastritis. The presence of spiral-shaped bacteria in the gastric epithelium is indicative of Helicobacter Pylori infection. This aligns with the description of Helicobacter Pylori infection, which is typically identified by the presence of these bacteria in the gastric mucosa. Therefore, the best answer is B, Helicobacter Pylori infection.</think>
<answer>B</answer>"
b5ea0db1-ac0b-4ac9-bf19-34b7ef15904d,"Besides the pulmonary embolism, what other condition is seen?",Small right-sided pleural effusion,E,E,True,Small right-sided pleural effusion,"<think>The image shows a CT scan with a pulmonary embolism. The question asks for another condition seen in the image. The options provided are not all relevant to the question. Option E, ""Small right-sided pleural effusion,"" is the only option that describes another condition that could be seen on a CT scan besides a pulmonary embolism. The other options either describe the modality, the condition already identified, or the location of the embolism.</think>
<answer>E</answer>"
b60bb3ca-680f-4d0d-b616-456e6a84908c,Is there evidence of inflammation?,No.,B,B,True,No.,"<think>This MRI image shows a sagittal view of the knee joint. Inflammation in MRI images is often indicated by increased signal intensity in soft tissues or fluid collections, which can be seen as brighter areas. In this image, there is no obvious increased signal intensity or fluid collection that would suggest inflammation. The structures appear normal without signs of edema or synovitis. Therefore, there is no evidence of inflammation in this image.</think>
<answer>B</answer>"
b78610bc-b395-4d39-b92a-a86f8d6c7dc8,Is there a lung mass in the Chest radiograph?,Yes.,A,A,True,Yes.,"<think>In the provided chest radiograph, there appears to be an abnormal opacity in the left upper lung zone, which could represent a lung mass. This opacity is distinct from the normal lung markings and could indicate a pathological process such as a tumor or consolidation. Therefore, the presence of a lung mass is likely.</think>
<answer>A</answer>"
b82002ea-ec05-4c5c-95a8-3b646f020ed7,What is the histopathologic diagnosis?,Fungal organisms (yeast). ,B,B,True,Fungal organisms (yeast). ,"<think>The image shows round to oval structures with a thick capsule, which are characteristic of yeast forms. These features are consistent with fungal organisms in the yeast form, rather than the elongated, branching structures seen in hyphae. Therefore, the correct diagnosis is fungal organisms (yeast).</think>
<answer>B</answer>"
ba18e483-86ae-4f00-9b03-dc1d5d1d6cef,What is the cytologic diagnosis?,Low-grade squamous intraepithelial lesion (LSIL).,A,A,True,Low-grade squamous intraepithelial lesion (LSIL).,"<think>The image shows cells with features suggestive of a low-grade squamous intraepithelial lesion (LSIL). These features include koilocytic changes, which are indicative of HPV infection, and mild nuclear atypia. The presence of these changes suggests LSIL rather than a negative result for intraepithelial lesion or malignancy (NILM).</think>
<answer>A</answer>"
bd2f6789-49fc-4e2b-b38a-7f6d0bb0d9e6,What is the diagnosis?,"Consolidation, left lower lobe",D,D,True,"Consolidation, left lower lobe","<think>The image shows an area of increased opacity in the left lower region of the lung field, which is consistent with consolidation. This suggests that the left lower lobe is affected. Therefore, the best answer is D, which indicates consolidation in the left lower lobe.</think>
<answer>D</answer>"
bda6b1c5-2522-418c-94f5-124c3018015d,Are there any pathologies shown in this image?,Varicosis in both legs.,B,B,True,Varicosis in both legs.,"<think>The image shows legs with visible, enlarged, and twisted veins, which are characteristic of varicose veins. There is no significant swelling that would suggest lymphedema. Therefore, the correct pathology depicted in the image is varicosis in both legs.</think>
<answer>B</answer>"
be56d9fd-423c-43fe-b5d9-1b9fe46c1808,Is there fat necrosis?,No. ,B,B,True,No. ,"<think>Fat necrosis is characterized by the presence of necrotic adipocytes, often with a surrounding inflammatory response, and sometimes calcification. In the image provided, the adipocytes appear intact and there is no evidence of necrosis or significant inflammatory infiltrate. The cells appear to have normal structure without the typical features of fat necrosis such as ghost-like outlines of adipocytes or calcification. Therefore, there is no evidence of fat necrosis in this image.</think>
<answer>B</answer>"
c0a57b05-eee7-499a-8745-a2f637cde131,Is there any evidence of pneumothorax in the radiograph?,Yes.,A,B,False,No.,"<think>To determine if there is evidence of a pneumothorax on the radiograph, I need to look for signs such as a visible visceral pleural line with no vascular markings beyond it, indicating the presence of air in the pleural space. In this image, I do not see a clear visceral pleural line or absence of vascular markings that would suggest a pneumothorax. The lung fields appear to have normal vascular markings extending to the periphery, and there is no obvious area of increased radiolucency that would indicate free air in the pleural space. Therefore, there is no evidence of pneumothorax in this radiograph.</think>
<answer>B</answer>"
c7db3e52-cadc-4110-acaf-df1d77417653,What is the diagnosis?,"Facial palsy, left",B,B,True,"Facial palsy, left","<think>Facial palsy is characterized by weakness or paralysis of the facial muscles. In the image, the left side of the face appears to be affected, indicating left-sided facial palsy.</think>
<answer>B</answer>"
c8270afe-324e-4bdf-af7d-a95d1f7d2155,"What is the likelihood of breast cancer (negative, benign, probably benign, suspicious, or highly suggestive of malignancy)? ",Highly suggestive of malignancy,D,D,True,Highly suggestive of malignancy,"<think>The mammogram image shows a dense area with irregular borders, which is often associated with malignancy. The presence of such features typically raises suspicion for breast cancer. Therefore, the likelihood of breast cancer in this image is high, making it highly suggestive of malignancy.</think>
<answer>D</answer>"
ca0f791b-bcbd-4c2c-9ea0-c960f9fac20c,What suture technique is shown?,Donati suture technique.,C,A,False,"Simple, interrupted suture technique.","<think>The image shows a suture technique where the needle is passed through the skin in a manner that suggests a simple, interrupted suture. This technique involves individual stitches that are tied off separately, which is consistent with the appearance in the image. The options provided include: A. Simple, interrupted suture technique, B. Simple, running suture technique, C. Donati suture technique, and D. Intradermal running suture technique. Based on the image, the technique most closely resembles the simple, interrupted suture technique.</think>
<answer>A</answer>"
cae3a3c3-4917-421d-b4a5-360767f459cd,Does this ECG show ventricular tachycardia or supraventricular tachycardia with aberrancy?,ventricular tachycardia,A,A,True,ventricular tachycardia,"<think>To determine whether the ECG shows ventricular tachycardia (VT) or supraventricular tachycardia (SVT) with aberrancy, we need to analyze the characteristics of the QRS complexes and the overall rhythm. VT typically presents with wide QRS complexes (>120 ms) and a regular rhythm, often with a rate above 100 bpm. SVT with aberrancy can also present with wide QRS complexes, but there are usually signs of atrial activity (such as P waves) that can be discerned, and the QRS morphology may resemble a known bundle branch block pattern. In this ECG, the QRS complexes are wide and the rhythm is regular, which could suggest VT. However, without clear evidence of atrial activity or a known bundle branch block pattern, it is difficult to definitively rule out VT. Given the options, the ECG is more suggestive of ventricular tachycardia.</think>
<answer>A</answer>"
cdeea5fd-c696-4cdf-8b16-624d77413798,Can you safely send this patient home without further diagnostics?,"Yes, normal Chest X-ray.",B,A,False,No. Pneumoperitoneum indicative of gastrointestinal perforation.,"<think>The X-ray image shows free air under the diaphragm, which is indicative of pneumoperitoneum. This condition suggests the presence of free air in the abdominal cavity, often due to gastrointestinal perforation. This is a serious condition that requires immediate medical attention and further diagnostics. Therefore, the patient cannot be safely sent home without further evaluation.</think>
<answer>A</answer>"
d05074d3-8496-426c-b315-edc6dd9c7874,"Is there a mediastinal mass and if so, is it anterior, posterior, or middle mediastinal in location?",Middle mediastinal mass,D,C,False,No mediastinal mass,"<think>In evaluating the lateral chest X-ray, I am looking for any abnormal opacities or masses that could indicate a mediastinal mass. The anterior mediastinum is located in front of the heart and trachea, the middle mediastinum includes the heart and great vessels, and the posterior mediastinum is behind the heart and trachea. In this image, I do not see any obvious mass or abnormal opacity in the anterior, middle, or posterior mediastinal regions. Therefore, it appears that there is no mediastinal mass present in this X-ray.</think>
<answer>C</answer>"
d2fa6150-282c-459e-8110-12496e7d201b,Is there a liver abscess in the ultrasound image?,Yes,A,A,True,Yes,"<think>The ultrasound image shows a hypoechoic area within the liver, which is suggestive of a liver abscess. Liver abscesses typically appear as round or oval hypoechoic lesions with irregular borders. The presence of such a lesion in the liver on ultrasound is indicative of a liver abscess.</think>
<answer>A</answer>"
d5ce402d-6bfb-48bf-8f2a-f0c1fa5d09f8,Is there anything abnormal in the provided image?,"Yes. Pneumothorax, right lung.",A,C,False,No. Normal chest radiograph.,"<think>In the provided chest X-ray image, I need to assess for any signs of pneumothorax or other abnormalities. A pneumothorax would typically present as an area of increased radiolucency (darker area) without lung markings, often with a visible pleural line. In this image, both lungs appear to have normal lung markings extending to the periphery, and there is no evidence of a pleural line or increased radiolucency that would suggest a pneumothorax. The mediastinum and diaphragm also appear normal. Therefore, this appears to be a normal chest radiograph.</think>
<answer>C</answer>"
d9c89c56-9588-4c36-9ee7-bac43ceb1047,What type of staining is shown?,Endospore staining.,C,A,False,Ziehl-Neelsen staining.,"<think>The image shows red-colored rod-shaped bacteria against a blue background. This is characteristic of Ziehl-Neelsen staining, which is used to identify acid-fast bacteria like Mycobacterium species. The red color indicates the presence of acid-fast bacteria, while the blue background is due to the counterstain. The other options, such as Auramine-O staining, would show fluorescent yellow-green bacteria, and Giemsa staining is typically used for blood smears and protozoa, not for acid-fast bacteria. Endospore staining would show spores as different colors within the bacteria. Therefore, the best answer is Ziehl-Neelsen staining.</think>
<answer>A</answer>"
da35a3de-fa23-4c20-905e-5b82b8d5d23a,What is the histopathologic diagnosis?,Adenocarcinoma. ,A,A,True,Adenocarcinoma. ,"<think>The image shows irregular glandular structures with invasion into the surrounding stroma, which is characteristic of adenocarcinoma. Adenomas typically have a more organized architecture without stromal invasion. The presence of desmoplastic stroma and atypical glandular formations further supports the diagnosis of adenocarcinoma.</think>
<answer>A</answer>"
dd3a8b0d-b4cc-4651-9311-a7e75a7829be,What is the histopathologic diagnosis?,Squamous cell carcinoma. ,A,A,True,Squamous cell carcinoma. ,"<think>The image shows keratin pearls and atypical squamous cells, which are characteristic features of squamous cell carcinoma. These features are not consistent with a normal epidermis and dermis, nor with a benign nevus. Therefore, the correct diagnosis is squamous cell carcinoma.</think>
<answer>A</answer>"
e4ce4ffc-bc94-4da2-abd7-2493702e2082,Are there pleural effusions in this chest x-ray?,"Yes, on the left",C,C,True,"Yes, on the left","<think>In this chest X-ray, the left side shows a homogenous opacity in the lower lung field with a meniscus sign, which is indicative of a pleural effusion. The right side appears normal without any signs of effusion. Therefore, there is a pleural effusion on the left side.</think>
<answer>C</answer>"
e65f6b06-1b9e-473d-b1ef-2a029432e553,What is the histopathologic diagnosis?,Normal epidermis and dermis. ,D,D,True,Normal epidermis and dermis. ,"<think>The image shows a section of skin with a normal epidermal layer and underlying dermis. There are no atypical cells or structures that suggest a neoplasm such as basal cell carcinoma. The epidermis appears intact with normal keratinization, and there is no evidence of a nevus or other lesion. Therefore, the best diagnosis is normal epidermis and dermis.</think>
<answer>D</answer>"
e675a4c8-0f22-4925-8996-51e0d35bf990,On which side is the lumen?,Bottom left.,C,C,True,Bottom left.,"<think>The image shows a cross-section of a tubular structure, likely a part of the gastrointestinal tract. The lumen is the hollow part of the tube where contents would pass through. In histological images, the lumen is typically the white or lighter area surrounded by the tissue. In this image, the lighter area is at the bottom left, indicating the location of the lumen.</think>
<answer>C</answer>"
ea4975ff-f64d-4067-91ee-1cefeec69416,What is the histopathologic diagnosis?,Follicular adenoma (no capsular invasion). ,B,ERROR,False,"ERROR: API Request Failed - Error code: 400 - {'error': {'code': 'BadRequest', 'message': 'The image is too large. The maximum limit is 20MB.', 'param': None, 'type': None}}","ERROR: API Request Failed - Error code: 400 - {'error': {'code': 'BadRequest', 'message': 'The image is too large. The maximum limit is 20MB.', 'param': None, 'type': None}}"
eb4248fd-adf3-4682-b738-5d69d0248511,Which lung lobe(s) is the atelectasis within?,Right middle lobe and right lower lobe,F,E,False,Right lower lobe,"<think>The image shows a chest X-ray with arrows pointing to an area of increased opacity in the right lung. This suggests atelectasis. The opacity is located in the lower part of the right lung, which is consistent with atelectasis in the right lower lobe. The options provided include E. Right lower lobe, which matches the location of the atelectasis seen in the image.</think>
<answer>E</answer>"
edb2f37b-0fa0-4b82-abf5-eb81c548f8ab,Is there a visible pathology?,"Pneumothorax, left",C,D,False,Normal chest xray,"<think>In evaluating the chest X-ray, I am looking for signs of pneumothorax, which would include a visible pleural line with no vascular markings beyond it, indicating air in the pleural space. The image shows normal lung markings throughout both lungs, with no evidence of a pleural line or absence of vascular markings that would suggest a pneumothorax. The lungs appear well-expanded, and the mediastinum is central, with no shift. Therefore, this appears to be a normal chest X-ray.</think>
<answer>D</answer>"
f5455eaf-7eba-44a4-963f-abdee38c9d99,What is shown on this Xray?,Moderate left pneumothorax,D,C,False,Moderate right pneumothorax,"<think>In the X-ray image provided, the left lung field appears normal, while the right lung field shows increased radiolucency with the absence of vascular markings, indicating a pneumothorax. The mediastinum does not appear to be shifted, suggesting that it is not a tension pneumothorax. The options provided are: 
A. Large tension pneumothorax on the left
B. Large right tension pneumothorax
C. Moderate right pneumothorax
D. Moderate left pneumothorax

Given the observations, the best answer is C, as it describes a moderate pneumothorax on the right side without tension.</think>
<answer>C</answer>"
f90cefb2-7034-49e5-be73-ee070eaa3840,Report this Chest x-ray as a radiologist.,Box shaped heart suggestive of Ebstein anomaly.,E,C,False,Egg shaped heart suggestive of Transposition of great arteries.,"<think>The chest X-ray shows a characteristic ""egg on a string"" appearance, which is indicative of Transposition of the Great Arteries (TGA). This is due to the narrow mediastinum and the enlarged cardiac silhouette. The options provided include C. Egg shaped heart suggestive of Transposition of great arteries, which matches the description of the X-ray.</think>
<answer>C</answer>"
fa8407ca-468a-410c-9072-5a2640459820,What pathology is most likely shown in this image?,Granuloma annulare.,B,C,False,Discoid lupus.,"<think>The image shows multiple round, red patches on the skin. These patches have a slightly raised border and a lighter center, which is characteristic of discoid lupus. Discoid lupus lesions are typically well-defined, red, and scaly, often leaving scars as they heal. The options provided are granuloma annulare, bullseye rash in Lyme disease, and discoid lupus. Granuloma annulare usually presents as ring-shaped lesions, often without scaling. The bullseye rash in Lyme disease is typically a single lesion with a central clearing, resembling a target. The appearance of the lesions in the image is most consistent with discoid lupus.</think>
<answer>C</answer>"
fbe4eed6-6670-4f77-9197-2728be0f8419,"Which abnormality, if any, is present in this ultrasound image?",Gallstones,A,A,True,Gallstones,"<think>In the ultrasound image, the gallbladder is visible. Gallstones typically appear as echogenic foci with posterior acoustic shadowing, whereas sludge appears as low-level echoes within the gallbladder without shadowing. In this image, there is a hyperechoic area with posterior shadowing, which is characteristic of gallstones. Therefore, the abnormality present in this ultrasound image is gallstones.</think>
<answer>A</answer>"
