problem_id,original_question,correct_letter,correct_answer,extracted_answer,is_correct,full_response
01e87e12-d402-4fff-a5ea-1da6160c4e99,What color can be seen in the abnormal lesion?,D,Black.,D,True,"<think>
The question asks about the color of the abnormal lesion. The abnormal lesion in the image appears to be a small, circular, dark spot with a central black area. The surrounding skin around the lesion is reddened and has a slightly raised appearance.
</think>

<answer>D</answer>"
02decd79-711e-4eef-9bc9-04347e4692fe,What is the diagnosis?,D,"Hydropneumothorax, left",B,False,"<think>
The patient has a chest X-ray showing a large, dark area in the right lung field, which is consistent with a pleural effusion. The presence of a pleural effusion is typically indicated by a fluid-filled space between the lung and the chest wall, which can be seen as a dark area on a chest X-ray. However, the X-ray also shows a clear space in the left lung field, which is not typical for a pleural effusion. Therefore, the most likely diagnosis is a pleural effusion, right.
</think>

<answer>B</answer>"
043f257f-34a0-4842-9334-241320202d79,Is there any type of joint deformity present here?,B,"Yes, CharcotÂ´s foot, left.",C,False,"<think>
To determine the presence of a joint deformity, we need to analyze the image of the foot.
</think>

<answer>C</answer>"
050515b0-aff0-4ce6-8edf-b8ae01b786c5,Is there a tumor in this kidney?,A,"Yes, renal cell carcinoma. ",B,False,"<think>
To determine whether there is a tumor in this kidney, we need to analyze the histological section provided. The image shows a section of kidney tissue with a focus on the renal cortex. The cells appear to be uniform and well-defined, with no significant abnormalities such as irregular shapes, large nuclei, or necrotic areas. The presence of clear demarcations between different cell types and the absence of significant inflammation or necrosis suggest that this is a normal renal histology.
</think>

<answer>B</answer>"
06485d09-1677-493a-a974-344c507da11c,What is shown in this xray?,C,"Clavicle fracture, left",A,False,"<think>
The x-ray image shows a view of the clavicle, which is the bone that connects the shoulder to the neck. The clavicle is visible as a long, curved bone that runs from the collarbone to the shoulder. The image shows a fracture in the clavicle, as indicated by the broken lines and the irregular shape of the bone.
</think>

<answer>A</answer>"
08bd93cb-0201-4f20-8e37-97e495cf3542,Are there changes of acute myocardial infarction in this ECG with paced rhythm?,B,Yes,B,True,"<think>
To determine if there are changes of acute myocardial infarction (AMI) in the ECG with a paced rhythm, we need to analyze the ECG and look for specific changes that are indicative of AMI.
</think>

<answer>B</answer>"
09728185-88c5-4da1-8b87-cd7572a530d2,Is there any evidence of honeycombing?,F,yes,F,True,"<think>
To determine if there is evidence of honeycombing in the CT scan, we need to look for the characteristic pattern of honeycomb-like structures in the lungs.
</think>

<answer>F</answer>"
09b20627-5d25-4ceb-bbf3-b77a92fb4a18,Is there a joint effusion?,B,No,A,False,"<think>
The image is an X-ray of a knee joint. The X-ray shows the bones of the knee, including the femur (thigh bone) and the tibia (shin bone). There is a visible joint space between the two bones, which is a normal finding in the knee joint. There are no signs of fluid accumulation, swelling, or other signs of joint effusion.
</think>

<answer>A</answer>"
0a405f20-1fcd-4fac-a0c1-3323efac8726,Is honeycombing present?,A,Yes,A,True,"<think>
To determine whether honeycombing is present in the CT scan, we need to analyze the image and identify any characteristic features that are indicative of honeycombing.
</think>

<answer>A</answer>"
16870356-d6c6-468a-8356-a8e2fc81dec5,Is there any pathology visible in this chest X-Ray?,A,"Water bottle sign in the heart, suggestive of pericardial effusion.",B,False,"<think>
To determine if there is any pathology visible in this chest X-ray, let's analyze the image step by step.
</think>

<answer>B</answer>"
18218d7e-e2b3-45ee-a6bb-45054271c091,What is the large round object?,B,Amoeba.,A,False,"<think>
The image is a histological section of tissue, likely from a lung, given the presence of lung cells and the characteristic appearance of the cells.
</think>

<answer>A</answer>"
188fb1a0-4521-4fb1-9c82-46527f1603a9,What is the diagnosis?,A,Levocardia,D,False,"<think>
The patient's chest X-ray shows a prominent heart, which is a characteristic feature of dextrocardia. This condition results in the heart being on the left side of the chest, which is visible in the X-ray image.
</think>

<answer>D</answer>"
1b7f4c9f-5655-4037-92e6-0e310f41184e,What pathology can be seen?,B,Vitreous hemorrhage.,B,True,"<think>
The image shows a retinal image, which is typically used to diagnose various eye conditions. The presence of a large, dark, and irregularly shaped area in the center of the image suggests the presence of a retinal hemorrhage. Retinal hemorrhages are characterized by the accumulation of blood under the retina, which can appear as a dark, irregularly shaped area.
</think>

<answer>B</answer>"
1c39462b-cfdd-455c-b8f1-e099f85bcc29,Are there changes of acute myocardial infarction in this patient with known left bundle branch block?,A,No,A,True,"<think>
The ECG strip shows a typical pattern of left bundle branch block (LBBB), characterized by a prominent R wave in lead II and a prominent S wave in lead III. The QRS complex is narrow and upright in lead II, which is typical for LBBB.
</think>

<answer>A</answer>"
1d690af1-020d-4163-8abe-e7fc2bbdba17,Is the following pathology more consistent with acne vulgaris or acne rosacea? ,A,Acne vulgaris.,A,True,"<think>
To determine whether the pathology is more consistent with acne vulgaris or acne rosacea, we need to consider the clinical characteristics of both conditions.
</think>

<answer>A</answer>"
1e5627a5-d6ba-4714-9db5-1561d3f59d7e,Is there something pathological in this image?,C,"Anisocoria, right pupil more dilated than left one.",B,False,"<think>
The image shows a close-up of a child's face, focusing on the eyes. The child has blue eyes, and the pupils appear to be of normal size and shape.
</think>

<answer>B</answer>"
1ee54fea-31da-4d9a-bd57-a6a006f97d3e,What is the diagnosis?,C,"Proptosis, left",B,False,"<think>
To determine the correct diagnosis, let's analyze the CT scan image step by step.
</think>

<answer>B</answer>"
21e3a17e-4ad3-42c6-8367-3c96a8bc2aae,What type of pathology is shown?,D,"Subdural hematoma, right",A,False,"<think>
To determine the type of pathology shown in the CT scan, let's analyze the image step by step:
1. The scan shows a large, dark area in the left hemisphere of the brain.
2. The area appears to be more dense and darker than the surrounding brain tissue.
3. There is a visible fracture line, which is characteristic of an epidural hematoma.
4. The fracture line is located in the area of the epidural space, which is the space between the dura mater and the outer layer of the brain.
5. The presence of a fracture line and the dark area in the left hemisphere are consistent with an epidural hematoma.
</think>

<answer>A</answer>"
21eb81de-7686-4efc-9875-7dc4cbfc557d,Are the red blood cells normal?,B,"No, there are schiostocytes. ",A,False,"<think>
To determine if the red blood cells are normal, we need to analyze the image and identify any abnormal shapes or features.
</think>

<answer>A</answer>"
21ec6a11-a59f-41b2-bbca-51cc937d8828,Where is the tumor located?,C,Caecum.,B,False,"<think>
To determine the location of the tumor, let's analyze the CT scan image step by step.
</think>

<answer>B</answer>"
2285cb57-7853-41c4-bc0b-12cf269a23a3,Is atoll sign present?,A,Yes,A,True,"<think>
The image is a CT scan of the lungs, showing a cross-sectional view. The atoll sign is a characteristic feature of a lung nodule, which appears as a central area of increased density surrounded by a halo of decreased density. This sign is typically seen in lung cancer.
</think>

<answer>A</answer>"
26e21c7a-df27-4d6c-a3d3-44a3b73964e5,"What pathology, if any, is suspected based on this picture?",B,Dilated cardiomyopathy,A,False,"<think>
The image is a chest X-ray, which is a diagnostic tool used to visualize the thoracic cavity and its contents. The X-ray shows the lungs, heart, and other structures of the chest.
</think>

<answer>A</answer>"
29e3f38f-c199-479c-ba00-a0fa0bbaffb8,Is there a visible pathology?,C,No,C,True,"<think>
The image is a computed tomography (CT) scan of a human brain. The scan shows a cross-sectional view of the brain, with the skull visible on the top and the brain tissue visible below.
</think>

<answer>C</answer>"
2d3f8498-af1d-440e-92a2-4837dc277974,What kind of image is this?,D,MRI of the brain with contrast,D,True,"<think>
To determine the correct choice, let's analyze the image step by step:
1. The image appears to be a cross-sectional view of the brain, likely a MRI scan.
2. The presence of contrast enhancement is not visible in the image.
3. The image shows a detailed view of the brain's structures, including the cerebrum, cerebellum, and brainstem.
</think>

<answer>D</answer>"
2d679738-2da1-45da-b83b-aa39a86f6bcb,Is the NG tube well-positioned?,F,"No, in left lung",A,False,"<think>
The patient is shown in an AP erect resusc position, which is commonly used for chest X-rays. The NG tube is visible in the image, positioned in the upper airway.
</think>

<answer>A</answer>"
2f86b41e-c08b-41de-9c08-677df1528af5,What is the diagnosis?,C,"Acute MCA infarct, right and left",B,False,"<think>
To determine the correct diagnosis, let's analyze the MRI scan image step by step.
</think>

<answer>B</answer>"
321365c0-587b-4f7e-8e85-34c152b401e0,What is the diagnosis?,A,"Exophthalmos, bilateral",A,True,"<think>
The question asks about the diagnosis of a person with exophthalmos, which is characterized by a protrusion of the eyes and a bulging appearance. The image shows a person with large, protruding eyes, which is a classic symptom of exophthalmos.
</think>

<answer>A</answer>"
3436b5aa-7219-42c1-96cc-54f1e4286003,What is this person's skin type?,A,Type VI,B,False,"<think>
To determine the skin type of the person in the image, let's analyze their skin tone and texture.
</think>

<answer> B </answer>"
34d5c4f5-9a58-43d0-b716-cd81487a881a,Describe the present abnormality.,D,"Central retinal artery occlusion. Retinal whitening and cherry-red spot are visible, as well as the likely causative clot.",A,False,"<think>
To determine the correct single-letter choice, let's analyze the image step by step:

1. The image shows a fundus photograph of the retina.
2. The central area of the retina appears white, which is characteristic of retinal whitening.
3. There is a cherry-red spot visible in the center of the image, which is indicative of a cherry-red spot.
4. The surrounding retina shows widespread hemorrhages and axonal congestion, which are signs of widespread hemorrhages and axonal congestion.
5. The presence of a likely causative clot is also visible, which is consistent with the presence of a clot.
6. The presence of a cherry-red spot and widespread hemorrhages and axonal congestion suggest a central retinal artery occlusion.
7. The white circles upstream of the venous occlusion are indicative of cotton wool spots, which are characteristic of branch retinal vein occlusion.
8. The absence of retinal whitening and cherry-red spot suggests a different type of occlusion.
</think>

<answer>A</answer>"
34f7d1cc-7328-457b-b9d3-5e983c6496d1,Which skin condition is shown?,A,petechiae,A,True,"<think>
The image shows a person's leg with a rash that appears to be a combination of small, red, and raised spots. The rash is not typical of petechiae, which are small, round, and often purple or blue spots on the skin. Angiomas, on the other hand, are flat, red, and often appear on the skin's surface. The rash in the image does not match the appearance of either petechiae or angiomas.
</think>

<answer>A</answer>"
3808de45-a0d1-4f89-b0b9-76a6a977c90a,What is the diagnosis?,C,"Erb's palsy, right and left",B,False,"<think>
The image shows a baby with a condition that involves the arms and legs, which is a common presentation of Erb's palsy. Erb's palsy is a condition where the muscles in the arms and legs are paralyzed due to damage to the spinal cord. The condition can be unilateral (left or right) or bilateral (both arms and legs). The baby in the image appears to have a unilateral condition, as the paralysis is only affecting the left arm and leg.
</think>

<answer>B</answer>"
3833ca0c-82cd-4545-b1de-93ed42e4d6e2,"What is your level of suspicion for COVID-19 infection (no, low, indeterminate, high, or very high) in this example(s)?",E,Very high suspicion for COVID-19 infection,A,False,"<think>
To determine the level of suspicion for COVID-19 infection in this example, let's analyze the CT scan images step by step.
</think>

<answer>A</answer>"
39ba5cf9-06f1-42b2-b365-41dbd6a2223e,Does this EEG show seizure activity?,B,no,A,False,"<think>
To determine whether this EEG shows seizure activity, let's analyze the waveform patterns and the context provided.
</think>

<answer>A</answer>"
3b17a705-1ef8-484e-bddf-2593b7062b98,Is there a visible pathology?,A,Pneumoperitoneum,A,True,"<think>
To determine if there is a visible pathology in the chest x-ray, let's analyze the image step by step.
</think>

<answer>A</answer>"
3db48fb6-755b-4323-a963-42239ecb0316,Is there metastatic cancer in this lymph node?,A,No. ,A,True,"<think>
The image is a histological section of a lymph node, stained with hematoxylin and eosin (H&E) to visualize the cellular and tissue structures. The image shows a dense, cellular appearance with a mixture of small and large cells, some of which appear to be in clusters or groups. The background is a pinkish-purple hue, which is characteristic of H&E staining.
</think>

<answer>A</answer>"
3e221315-f38c-4c93-87b1-7c9915d8a41b,Is this suspicious for lymphoma?,B,No.,B,True,"<think>
To determine whether this image is suspicious for lymphoma, we need to analyze the characteristics of the cells present in the image.
</think>

<answer>B</answer>"
40ea6079-9d12-477e-b34e-373c6d4f64d5,What is the diagnosis?,A,"Fracture, ulna",A,True,"<think>
The image is an X-ray of a wrist, showing the radius and ulna bones. The bones appear to be intact, with no signs of fractures or dislocations.
</think>

<answer>A</answer>"
41727fb3-7f70-4274-bacb-61f84b4bf584,Is splinter hemorrhage present?,B,no,A,False,"<think>
To determine whether splinter hemorrhage is present, we need to analyze the image step by step.
</think>

<answer>A</answer>"
443aea8a-c61d-418c-80ab-6f9250324838,What organ is shown and is it tumorous?,B,Kidney without tumor. ,B,True,"<think>
To determine the correct answer, let's analyze the image step by step:

1. The image shows a cross-sectional view of a kidney.
2. The kidney is divided into several parts:
   - Renal cortex (c)
   - Medulla (m)
   - Calyx (cx)
   - Pelvis (p)
3. The medulla appears to be slightly darker than the cortex, which is typical for a normal kidney.
4. There is no visible tumor or abnormality in the medulla or cortex.
5. The calyx and pelvis appear normal without any signs of enlargement or abnormality.
6. The overall appearance of the kidney does not suggest the presence of a tumor.
</think>

<answer>B</answer>"
44c46ae9-37d5-43b0-afab-162db2096c2c,What is shown in this image?,T,Plasma cells.,S,False,"<think>
The image shows a microscopic view of blood cells, specifically white blood cells (WBCs). The cells are stained with a purple dye, which is commonly used to differentiate between different types of WBCs.
</think>

<answer>S</answer>"
48095d55-9265-4a0a-b9dc-baa2343c14af,Which anatomical plane is shown?,A,axial or transverse plane,A,True,"<think>
To determine the anatomical plane shown in the CT scan, let's analyze the image step by step.
</think>

<answer>A</answer>"
4894916c-f303-4d6c-8f76-73edee07f0b2,Is air trapping present?,C,Yes,A,False,"<think>
The image is a CT scan of the chest, which is a medical imaging technique used to visualize internal structures of the body. The scan shows the lungs and the surrounding structures, including the heart and the diaphragm.
</think>

<answer>A</answer>"
4a8e141c-c247-45f0-84c2-5486cfbd62cf,How many neutrophils are clearly visible?,D,6,D,True,"<think>
To determine the number of neutrophils visible in the image, we need to count the number of neutrophil cells present in the image.
</think>

<answer>D</answer>"
4b8852b6-d518-4f21-beef-e016a52ce821,What does the skin lesion show?,A,"Irregular borders and color variation, suggestive of melanoma.",A,True,"<think>
The skin lesion in the picture appears to be a dark, irregularly shaped area with irregular borders and color variation. This suggests the presence of melanoma, which is characterized by irregular borders and color variation.
</think>

<answer>A</answer>"
4d6c4b4d-6825-4c1f-adb6-ea06f72351a9,Is there a visible pathology in the ribs?,B,"Acute rib fracture, right",B,True,"<think>
To determine the correct answer, let's analyze the CT scan image step by step.
</think>

<answer>B</answer>"
4eff8140-addf-49c6-b690-e63ace50df8e,Is there an endoleak?,B,No,A,False,"<think>
The image is a computed tomography (CT) scan of the abdomen, showing a cross-sectional view of the abdominal cavity. The scan shows various anatomical structures, including the intestines, liver, and kidneys.
</think>

<answer>A</answer>"
52c5d2a7-cf61-4508-a681-4bcddbbe63f7,"What abnormality, if any, is present in this ECG?",D,"Second-degree heart block, type 2.",EXTRACTION_FAILED,False,"<think>
To determine the abnormality present in the ECG, let's analyze the waveform step by step:
1. The ECG shows a regular rhythm with a consistent P wave and QRS complex.
2. The P wave is present in all the R-R intervals, indicating a regular rhythm.
3. The QRS complex is present in all the R-R intervals, indicating a regular rhythm.
4. The P-R interval is not present in all the R-R intervals, indicating a delay in the P wave.
5. The P-R interval is longer than the QRS interval in some R-R intervals, indicating a delay in the P wave.
6. The P-R interval is shorter than the QRS interval in other R-R intervals, indicating a delay in the P wave.
7. The P-R interval is not present in all the R-R intervals, indicating a delay in the P wave.
8. The P-R interval is longer than the QRS interval in some R-R intervals, indicating a delay in the P wave.
9. The P-R interval is shorter than the QRS interval in other R-R intervals, indicating a delay in the P wave.
10. The P-R interval is not present in all the R-R intervals, indicating a delay in the P wave.
11. The P-R interval is longer than the QRS interval in some R-R intervals, indicating a delay in the P wave.
12. The P-R interval is shorter than the QRS interval in other R-R intervals, indicating a delay in the P wave.
13. The P-R interval is not present in all the R-R intervals, indicating a delay in the P wave.
14. The P-R interval is longer than the QRS interval in some R-R intervals, indicating a delay in the P wave.
15. The P-R interval is shorter than the QRS interval in other R-R intervals, indicating a delay in the P wave.
16. The P-R interval is not present in all the R-R intervals, indicating a delay in the P wave.
17. The P-R interval is longer than the QRS interval in some R-R intervals, indicating a delay in the P wave.
18. The P-R interval is shorter than the QRS interval in other R-R intervals, indicating a delay in the P wave.
19. The P-R interval is not present in all the R-R intervals, indicating a delay in the P wave.
20. The P-R interval"
53694f7c-93a9-4c85-af33-363e5f08af0d," Which chest radiograph zone is highlighted in this image, apical zone, upper zone, mid zone, or lower zone?",D,Lower zone,A,False,"<think>
The chest radiograph shows a highlighted area in the middle of the image, which is typically the mid zone.
</think>

<answer>A</answer>"
56958e7e-2978-4f1e-8ed7-e5dcc8fbe82d,"Which pathology, if any, is prevalent in this image?",C,Schistocytes,A,False,"<think>
To determine the pathology present in the image, let's analyze the characteristics of the blood cells present.
</think>

<answer>A</answer>"
5c2a91db-7496-40c9-a919-ff9ec03b893b,Is there pneumoperitoneum?,B,No,A,False,"<think>
To determine whether there is pneumoperitoneum on the X-ray, we need to look for signs of air in the peritoneal cavity.
</think>

<answer>A</answer>"
5d42ff8a-179d-44c1-9cdd-b34e9b291e92,What pathology is visible?,A,Retinal detachment in fundus image.,B,False,"<think>
To determine the pathology visible in the fundus image, let's analyze the image step by step:
1. The image shows a cross-sectional view of the retina.
2. The retina appears to be healthy with no visible tears, holes, or other abnormalities.
3. The blood vessels are visible but do not show any signs of congestion or abnormality.
4. The optic disc is normal in size and shape.
5. There are no signs of retinal detachment, retinal vein occlusion, or other significant pathologies.
</think>

<answer>B</answer>"
5d954983-45e2-4853-b94a-19f21492884c,Which bone or bones are fractured?,B,Ulna,C,False,"<think>
The X-ray image shows a fracture in the radius and ulna bones of the forearm. The fracture is visible as a break in the continuity of the bone, which is a common finding in fractures.
</think>

<answer>C</answer>"
63338bb8-841b-4420-86fe-78e1963625d0,Which skin-condition is shown?,D,Superficial spreading melanoma,C,False,"<think>
The image shows a skin condition that appears to be a mole with a darker center, which is a common feature of melanoma. Melanoma is characterized by its irregular shape, uneven borders, and the presence of a central dark area.
</think>

<answer>C</answer>"
6597f180-5f13-4d49-83dd-64315337ce2f,Is there visible pathology?,B,"Pleural effusion, right",B,True,"<think>
The patient has a chest X-ray that shows bilateral pleural effusions. The effusions appear as fluid-filled spaces between the lung fields and the pleural surfaces. This is a common finding in pleural effusions.
</think>

<answer>B</answer>"
688b0f03-2157-4d48-965a-2b5c473e3384,"Is this thyroid nodule benign, not suspicious, mildly suspicious, moderately suspicious, or highly suspicious?",D,Highly suspicious,A,False,"<think>
To determine the level of suspicion for this ultrasound image of a thyroid nodule, we need to consider the appearance of the nodule and its surrounding tissues.
</think>

<answer>A</answer>"
6b6d8d8d-bd8a-44af-8ca4-bd0623aa596a,What kind of MRI sequence is this?,D,T2 fat saturation,C,False,"<think>
The MRI image appears to be a T2-weighted image, as indicated by the bright areas in the image. T2-weighted images typically show high signal intensity in the fat and low signal intensity in the muscle and other tissues.
</think>

<answer>C</answer>"
6c9f0a00-bc0b-4844-b498-c57d68382c5d,Where is the location of the endotracheal tube tip?,A,Trachea,A,True,"<think>
The X-ray image shows a mobile supine view, which is commonly used in the assessment of the thoracic cavity. The endotracheal tube tip is typically located in the trachea, which is the main airway in the thoracic cavity.
</think>

<answer>A</answer>"
6d0aec94-e009-46ea-8c93-2f2de47ef800,What type of cell is present among the erythrocytes?,C,Myeloblast without Auer rods,A,False,"<think>
The question asks to identify the type of cell present among the erythrocytes in the given image. The erythrocytes are the red blood cells, which are typically round and have a dark purple color. The question mentions ""Auer rods,"" which are a characteristic feature of myeloblasts.
</think>

<answer>A</answer>"
732150de-bce4-46af-9a70-c4b1e2c4b783,Does the liver appear enlarged?,A,Yes.,A,True,"<think>
To determine whether the liver appears enlarged, we need to analyze the CT scan image provided.
</think>

<answer>A</answer>"
741ef380-c0aa-4508-8fd3-790a34b16b8b,What is shown in this image?,D,"Kayser-Fleischer ring, left.",B,False,"<think>
The image shows a close-up of an eye with a visible Kayser-Fleischer ring, which is a characteristic finding in the condition known as keratoconus. Keratoconus is a condition that affects the cornea of the eye, causing it to thicken and bulge outward. The ring is a white, circular area around the pupil, which is a common feature of keratoconus.
</think>

<answer>B</answer>"
7d28bb1c-71e2-4be8-ab96-0a2d67df2d9b,Are there signs of surgical wound infection?,A,Yes,B,False,"<think>
The image shows a surgical wound with multiple sutures in place. The wound appears to be clean and well-healed, with no signs of infection such as redness, swelling, or pus. The sutures are visible and appear to be in place, which is typical for a well-cared-for surgical wound.
</think>

<answer>B</answer>"
820c2943-aea7-454e-ae7a-850c50c0de2f,Does this ECG show artifact or ventricular tachycardia?,C,artifact ,A,False,"<think>
To determine whether this ECG shows artifact or ventricular tachycardia, let's analyze the ECG waveform step by step.
</think>

<answer>A</answer>"
96fd679e-4619-4c7a-9d7b-dd46eaa8b26e,"Is there a fracture and if so, what kind?",E,No fracture,A,False,"<think>
The X-ray image shows a fracture in the femoral neck, which is the upper part of the femur bone. The fracture appears to be a transverse fracture, as it runs horizontally across the bone.
</think>

<answer>A</answer>"
9db35400-5633-48fa-9411-97926d30d4c5,Provide a radiological interpretation of this radiograph of the hand.,A,Arthritis,B,False,"<think>
To interpret the radiograph of the hand, we need to identify any abnormalities or changes that might indicate a specific condition. The hand appears to be in a normal position with all fingers extended. The bones and joints appear to be well-defined and without any obvious fractures or deformities.
</think>

<answer>B</answer>"
9ea5bef9-87e3-494f-8312-e6a70e1ca8e9,Is there a tree-in-bud appearance?,B,No,A,False,"<think>
The image is a computed tomography (CT) scan of the chest, specifically showing a cross-sectional view of the thoracic cavity. The image appears to be a CT scan of the chest, which is commonly used to diagnose various conditions such as tumors, infections, and other abnormalities.
</think>

<answer>A</answer>"
a0111520-e2e0-406c-9bf0-5139d8a2f30d,What pathology is shown in this image?,C,Tinea Corporis,C,True,"<think>
The image shows a circular, raised, and slightly elevated skin lesion with a central depression. The skin appears to be dry and scaly, which is characteristic of psoriasis.
</think>

<answer> C </answer>"
a1ab8e85-4cca-4707-b3dd-57da42738aac,How does the surgical site look like?,C,A normal suture with eleven stitches. No signs of infection or inflammation.,B,False,"<think>
To determine the correct answer, let's analyze the image step by step:

1. The image shows a surgical site with a visible suture line.
2. The suture line appears to be well-secured with five stitches.
3. There are no signs of infection or inflammation around the suture line.
4. The skin appears to be intact and not inflamed.
5. There are no visible signs of infection or inflammation around the suture line.
</think>

<answer>B</answer>"
a7cf906c-228d-44cf-82bd-f5961343273f,What kind of cerebral edema is shown?,C,Combined edema.,A,False,"<think>
The image is a computed tomography (CT) scan of a brain, which is a medical imaging technique used to visualize internal structures of the body. The scan shows a significant amount of fluid accumulation within the brain, which is indicative of cerebral edema.
</think>

<answer>A</answer>"
aa4a25e1-c52f-4811-a126-bbb52f348ef4,Can you identify which medication (and what dose) does patient have in their pill box?,C,Atorvastatin 10 mg,A,False,"<think>
To determine the correct medication and dose, I need to analyze the size of the pill and compare it to the available options.
</think>

<answer>A</answer>"
aa9e1c00-8519-465d-9e18-0861b353c138,"Is there a pneumothorax and if so, is it a tension pneumothorax?",C,No pneumothorax,A,False,"<think>
To determine if there is a pneumothorax and if so, if it is a tension pneumothorax, we need to analyze the radiographic image.
</think>

<answer>A</answer>"
ab57d2cb-e14d-43e8-9f4d-ecd2a211ba7e,"Is there an intracerebral hemorrhage in this image and if so, what kind?",A,No intracerebral hemorrhage,A,True,"<think>
To determine the type of intracerebral hemorrhage in the image, let's analyze the CT scan:
1. The image shows a brain scan with a large, irregularly shaped area of high density, which is indicative of an intracerebral hemorrhage.
2. The hemorrhage appears to be located within the brain parenchyma, not on the surface of the brain or in the subarachnoid space.
3. The hemorrhage is not associated with a visible blood clot or a subdural or epidural hematoma.
4. The hemorrhage is not associated with a subarachnoid hemorrhage, as there is no visible blood in the subarachnoid space.
</think>

<answer>A</answer>"
ae849698-02d1-4e88-98f8-558f15089a42,How many fingers are shown in this image?,A,6,B,False,"<think>
The question asks to identify the number of fingers shown in the image. To determine this, we need to analyze the image and count the fingers.
</think>

<answer>B</answer>"
afabd2e4-a0f2-4e06-9ba3-3db6e1ff73e0,Do these patient signature samples over the years show micrographia?,A,Yes,A,True,"<think>
To determine whether these patient signature samples show micrographia, we need to analyze the handwriting patterns in the images.
</think>

<answer>A</answer>"
b0489c0e-8963-4fa3-940a-bb5d65f85dc0,Is there hydronephrosis?,D,No,D,True,"<think>
To determine if there is hydronephrosis, we need to look at the size and shape of the kidneys in the CT scan.
</think>

<answer>D</answer>"
b04916c8-41b9-4189-a16b-e831c2ddc950,What pathology is shown?,B,Ulcerative colitis,A,False,"<think>
The image shows a close-up view of the interior of the gastrointestinal tract, specifically the esophagus. The appearance of the tissue and the presence of a dark, irregular mass suggest the possibility of a pathological condition.
</think>

<answer>A</answer>"
b214470b-8d93-40eb-bd02-56c83e3615df,Diagnose the condition in the kidney,A,Autosomal Dominant Polycystic Kidney disease,A,True,"<think>
To diagnose the condition in the kidney, let's analyze the image step by step.
</think>

<answer>A</answer>"
b25c0453-eaf9-481c-9dbe-bc8924905668,Where is the pneumonia located?,G,left upper lobe,F,False,"<think>
To determine the location of the pneumonia, let's analyze the radiographic image step by step.
</think>

<answer>
F
</answer>"
b2c4774e-08f5-460e-87e5-4c496942ab8a,Is this invasive cancer?,B,No. This is ductal carcinoma in situ (DCIS) of the breast. ,A,False,"<think>
To determine the correct answer, let's analyze the histological image step by step:
1. The image shows a microscopic view of breast tissue.
2. The tissue appears to be composed of ducts and lobules.
3. There is a central area with a cluster of cells that appear abnormal, possibly indicating the presence of cancerous cells.
4. The surrounding tissue shows a normal appearance, with no significant inflammation or other abnormalities.
5. The presence of abnormal cells in the central area suggests the possibility of invasive cancer.
</think>

<answer>A</answer>"
b3eb1d37-e024-4463-8014-eb8f11f81936,Is there visible pathology?,A,Appendicitis,B,False,"<think>
The image is a computed tomography (CT) scan of the abdomen, showing the kidneys, bladder, and surrounding structures. The scan is oriented with the patient's left side up and the top of the image facing forward.
</think>

<answer>B</answer>"
b41fb4f4-e509-4ead-a337-1ab15b4cb4bb,Is bronchiectasis present?,C,Yes,A,False,"<think>
To determine whether bronchiectasis is present in the CT scan, we need to look for signs of bronchiectasis, which typically includes the presence of bronchiectasis cavities, bronchial dilatation, and abnormal bronchial markings.
</think>

<answer>A</answer>"
b43555d3-9ef4-4280-bdec-902f634ec75a,What is the histopathologic diagnosis?,C,Normal stomach mucosa (negative for Helicobacter Pylori infection).,C,True,"<think>
To determine the histopathologic diagnosis, let's analyze the histological image step by step.
</think>

<answer>C</answer>"
b5ea0db1-ac0b-4ac9-bf19-34b7ef15904d,"Besides the pulmonary embolism, what other condition is seen?",E,Small right-sided pleural effusion,D,False,"<think>
The image is a computed tomography (CT) angiogram of the pulmonary arteries, which is a type of imaging used to visualize blood vessels in the body. The image shows a central, extending into both main pulmonary arteries, which is a characteristic of saddle pulmonary embolism.
</think>

<answer>D</answer>"
b60bb3ca-680f-4d0d-b616-456e6a84908c,Is there evidence of inflammation?,B,No.,A,False,"<think>
The MRI image shows a cross-sectional view of a knee joint. The image appears to be a T2-weighted MRI, which is commonly used to visualize fluid and inflammation in the joint.
</think>

<answer>A</answer>"
b78610bc-b395-4d39-b92a-a86f8d6c7dc8,Is there a lung mass in the Chest radiograph?,A,Yes.,A,True,"<think>
The chest X-ray shows a dense, irregular mass in the left lower lobe of the lung. This mass appears to be more dense than the surrounding lung tissue, which is a common finding in lung masses.
</think>

<answer>A</answer>"
b82002ea-ec05-4c5c-95a8-3b646f020ed7,What is the histopathologic diagnosis?,B,Fungal organisms (yeast). ,A,False,"<think>
The histopathologic diagnosis involves identifying the type of organisms present in the tissue sample. The presence of fungal hyphae and yeast-like structures suggests the presence of fungi.
</think>

<answer>A</answer>"
ba18e483-86ae-4f00-9b03-dc1d5d1d6cef,What is the cytologic diagnosis?,A,Low-grade squamous intraepithelial lesion (LSIL).,A,True,"<think>
The image shows a microscopic view of cells, which appears to be a smear or a sample of cells from a tissue. The cells are irregular in shape and size, with some having a clear nucleus and others with a more indistinct outline. The background is a light color, which helps to highlight the cells.
</think>

<answer>A</answer>"
bd2f6789-49fc-4e2b-b38a-7f6d0bb0d9e6,What is the diagnosis?,D,"Consolidation, left lower lobe",B,False,"<think>
To determine the correct diagnosis, let's analyze the radiographic image step by step.
</think>

<answer>B</answer>"
bda6b1c5-2522-418c-94f5-124c3018015d,Are there any pathologies shown in this image?,B,Varicosis in both legs.,B,True,"<think>
The image shows the lower legs of an individual. The veins appear to be visible, and there are some visible varicose veins on both legs. There is no indication of swelling or lymphedema in the image.
</think>

<answer>B</answer>"
be56d9fd-423c-43fe-b5d9-1b9fe46c1808,Is there fat necrosis?,B,No. ,A,False,"<think>
The question asks about the presence of fat necrosis in the tissue shown in the microscope image. Fat necrosis is characterized by the presence of fat cells that have undergone necrosis, leading to a loss of their normal structure and appearance.
</think>

<answer>A</answer>"
c0a57b05-eee7-499a-8745-a2f637cde131,Is there any evidence of pneumothorax in the radiograph?,A,Yes.,A,True,"<think>
To determine if there is any evidence of pneumothorax in the radiograph, we need to look for signs of air in the pleural space.
</think>

<answer>A</answer>"
c7db3e52-cadc-4110-acaf-df1d77417653,What is the diagnosis?,B,"Facial palsy, left",A,False,"<think>
To determine the correct diagnosis, let's analyze the symptoms and the patient's condition in the image.
</think>

<answer>A</answer>"
c8270afe-324e-4bdf-af7d-a95d1f7d2155,"What is the likelihood of breast cancer (negative, benign, probably benign, suspicious, or highly suggestive of malignancy)? ",D,Highly suggestive of malignancy,A,False,"<think>
The image is a mammogram, which is a type of imaging used to detect abnormalities in the breast. The mammogram shows a dense pattern of calcifications, which are irregularities in the breast tissue. These calcifications can be indicative of breast cancer.
</think>

<answer>A</answer>"
ca0f791b-bcbd-4c2c-9ea0-c960f9fac20c,What suture technique is shown?,C,Donati suture technique.,D,False,"<think>
To determine the correct suture technique shown in the image, let's analyze the image step by step:

1. The image shows a skin incision with several sutures placed in the wound.
2. The sutures are placed in a way that they are not crossing each other, which suggests a running suture technique.
3. The sutures are not running in a straight line, which suggests a running suture technique.
4. The sutures are not running through the skin, which suggests an intradermal suture technique.
5. The sutures are not simple sutures, which suggests a running suture technique.
6. The sutures are not Donati sutures, which are used for skin closure.
7. The sutures are not simple interrupted sutures, which are used for skin closure.
8. The sutures are not running through the skin, which suggests an intradermal suture technique.
</think>

<answer>
D
</answer>"
cae3a3c3-4917-421d-b4a5-360767f459cd,Does this ECG show ventricular tachycardia or supraventricular tachycardia with aberrancy?,A,ventricular tachycardia,B,False,"<think>
To determine the type of tachycardia shown in the ECG, let's analyze the waveform and the presence of P waves.
</think>

<answer>B</answer>"
cdeea5fd-c696-4cdf-8b16-624d77413798,Can you safely send this patient home without further diagnostics?,B,"Yes, normal Chest X-ray.",B,True,"<think>
The patient has a chest X-ray that shows a normal appearance with no signs of pneumothorax, pneumoperitoneum, or other abnormalities that would suggest gastrointestinal perforation. The absence of these findings makes it unlikely that the patient has a serious medical condition that requires further diagnostics.
</think>

<answer>B</answer>"
d05074d3-8496-426c-b315-edc6dd9c7874,"Is there a mediastinal mass and if so, is it anterior, posterior, or middle mediastinal in location?",D,Middle mediastinal mass,A,False,"<think>
To determine the location of the mediastinal mass, let's analyze the image step by step:
1. The image shows a lateral view of the chest.
2. The mediastinum is the central part of the thoracic cavity, located between the lungs and the spine.
3. The mediastinal mass is typically located in the anterior mediastinum.
</think>

<answer>A</answer>"
d2fa6150-282c-459e-8110-12496e7d201b,Is there a liver abscess in the ultrasound image?,A,Yes,A,True,"<think>
The ultrasound image shows a dark, irregularly shaped mass within the abdominal cavity. This mass could represent various conditions, including a liver abscess.
</think>

<answer>A</answer>"
d5ce402d-6bfb-48bf-8f2a-f0c1fa5d09f8,Is there anything abnormal in the provided image?,A,"Yes. Pneumothorax, right lung.",C,False,"<think>
To determine if there is anything abnormal in the provided image, let's analyze the image step by step:
1. The image is a chest X-ray.
2. The lungs appear clear and there are no visible signs of consolidation, masses, or other abnormalities.
3. The heart and other structures appear normal.
4. There are no signs of pneumothorax, such as air in the pleural space.
</think>

<answer>C</answer>"
d9c89c56-9588-4c36-9ee7-bac43ceb1047,What type of staining is shown?,C,Endospore staining.,D,False,"<think>
The image shows a microscopic view of bacteria stained with a blue dye, which is characteristic of the Ziehl-Neelsen staining method. This method is commonly used to stain acid-fast bacteria, which are often seen in the smear of sputum samples.
</think>

<answer>D</answer>"
da35a3de-fa23-4c20-905e-5b82b8d5d23a,What is the histopathologic diagnosis?,A,Adenocarcinoma. ,A,True,"<think>
The histopathologic diagnosis is not explicitly stated in the image. However, the presence of star (*) markers suggests the presence of cancerous cells, which is a common finding in adenocarcinoma.
</think>

<answer>A</answer>"
dd3a8b0d-b4cc-4651-9311-a7e75a7829be,What is the histopathologic diagnosis?,A,Squamous cell carcinoma. ,B,False,"<think>
To determine the histopathologic diagnosis, let's analyze the histological features of the image step by step.
</think>

<answer>B</answer>"
e4ce4ffc-bc94-4da2-abd7-2493702e2082,Are there pleural effusions in this chest x-ray?,C,"Yes, on the left",B,False,"<think>
To determine if there are pleural effusions in the chest x-ray, we need to look for signs of fluid accumulation in the pleural space.
</think>

<answer>B</answer>"
e65f6b06-1b9e-473d-b1ef-2a029432e553,What is the histopathologic diagnosis?,D,Normal epidermis and dermis. ,B,False,"<think>
To determine the histopathologic diagnosis, let's analyze the histological section provided.
</think>

<answer>B</answer>"
e675a4c8-0f22-4925-8996-51e0d35bf990,On which side is the lumen?,C,Bottom left.,A,False,"<think>
To determine which side the lumen is on, let's analyze the histological section provided. The histological section shows a columnar epithelium with a single layer of cells. The inset shows a section of the same tissue with a lumen visible within the epithelial cells.
</think>

<answer>A</answer>"
ea4975ff-f64d-4067-91ee-1cefeec69416,What is the histopathologic diagnosis?,B,Follicular adenoma (no capsular invasion). ,B,True,"<think>
To determine the histopathologic diagnosis, let's analyze the histological features of the tissue sample.
</think>

<answer>B</answer>"
eb4248fd-adf3-4682-b738-5d69d0248511,Which lung lobe(s) is the atelectasis within?,F,Right middle lobe and right lower lobe,A,False,"<think>
The patient is shown with a right lower lobe atelectasis, as indicated by the white arrow pointing to the right lower lobe. The other lung lobes appear to be clear.
</think>

<answer>A</answer>"
edb2f37b-0fa0-4b82-abf5-eb81c548f8ab,Is there a visible pathology?,C,"Pneumothorax, left",D,False,"<think>
To determine the presence of a visible pathology on the chest x-ray, we need to analyze the image step by step.
</think>

<answer>D</answer>"
f5455eaf-7eba-44a4-963f-abdee38c9d99,What is shown on this Xray?,D,Moderate left pneumothorax,C,False,"<think>
To determine the correct answer, let's analyze the X-ray image step by step.
</think>

<answer>C</answer>"
f90cefb2-7034-49e5-be73-ee070eaa3840,Report this Chest x-ray as a radiologist.,B,Box shaped heart suggestive of Ebstein anomaly.,A,False,"<think>
To determine the correct answer, let's analyze the chest x-ray image step by step.
</think>

<answer>A</answer>"
fa8407ca-468a-410c-9072-5a2640459820,What pathology is most likely shown in this image?,B,Granuloma annulare.,B,True,"<think>
The image shows a person's arm with several circular, reddish lesions. These lesions are characteristic of discoid lupus, which is a type of autoimmune disease.
</think>

<answer>B</answer>"
fbe4eed6-6670-4f77-9197-2728be0f8419,"Which abnormality, if any, is present in this ultrasound image?",A,Gallstones,A,True,"<think>
The ultrasound image shows a cross-sectional view of a human organ, likely the liver. The image appears to be a grayscale ultrasound image, which is commonly used to visualize internal structures of the body.
</think>

<answer>A</answer>"
